new_path,old_path,source_kind,size_bytes,sha256
Old Versions/AI_Dungeon_Scripting_Reference(1).docx,Old Versions/AIDRPG/AI_Dungeon_Scripting_Reference(1).docx,flattened_from_previous_compile,40356,537b7a911a42f6be7cf7374f008f1a9025d062b9f9622c01721ee2c6b6b53f30
Old Versions/selector_adapter_coverage.csv,Old Versions/AIDRPG/AIDRPG_UTM2_Semantic_Selector_Adapter_v0_1_Package_1/AIDRPG_UTM2_Semantic_Selector_Adapter_v0_1_Package/selector_adapter_coverage.csv,flattened_from_previous_compile,4723,025fa3c8cdb9e9e5908ef22a5483cf7c844ae1353eb643f3a5b7ca0fc90d22b6
Old Versions/utm2_semantic_chunk_runner.js,Old Versions/AIDRPG/AIDRPG_UTM2_Semantic_Selector_Adapter_v0_1_Package_1/AIDRPG_UTM2_Semantic_Selector_Adapter_v0_1_Package/utm2_semantic_chunk_runner.js,flattened_from_previous_compile,30250,460981d3f1a2b8092eb270d95b0748afd1276c20be1d5e911a93849c636a7059
Old Versions/utm2_semantic_shard_runner.js,Old Versions/AIDRPG/AIDRPG_UTM2_Semantic_Selector_Adapter_v0_1_Package_1/AIDRPG_UTM2_Semantic_Selector_Adapter_v0_1_Package/utm2_semantic_shard_runner.js,flattened_from_previous_compile,30038,d20e200c507368d9e6219fb391a2e1eb36a1e17eddf5661999481616ca5722e7
Old Versions/aidrpgv1-2-8.txt,Old Versions/AIDRPG/aidrpgv1-2-8.txt,flattened_from_previous_compile,1056069,e362594c5baa5b15fdb1f6639e4eb7d9397b678be2f8a2379ac584bddb7e8dc6
Old Versions/aidrpgv1-3-6.txt,Old Versions/AIDRPG/aidrpgv1-3-6.txt,flattened_from_previous_compile,1180180,2709f249051a2361f68df9a4b51f96386a16dc5a594c8fd9af00d10ede663071
Old Versions/aidrpgv1-4-3.txt,Old Versions/AIDRPG/aidrpgv1-4-3.txt,flattened_from_previous_compile,1364646,064435dd74c78f98ff3659a08a6a8f4d7d133a5b56c7875b802ae27423a6889f
Old Versions/aidrpgv1-5-0_REAL_FINAL_UNCOMPRESSED.txt,Old Versions/AIDRPG/aidrpgv1-5-0_REAL_FINAL_UNCOMPRESSED.txt,flattened_from_previous_compile,1931983,11e1e8ace0ca228ede3a65cd22a8936f78f059513f646341bd8ad19fe203a413
Old Versions/aidrpgv1-5-5_PARTY_COMPANION_STABILITY.txt,Old Versions/AIDRPG/aidrpgv1-5-5_PARTY_COMPANION_STABILITY.txt,flattened_from_previous_compile,838616,04205aa4f69f78ed56d3a289778eaccb31f67279b97276755aa581c4a98f9365
Old Versions/aidrpgv1-6-2_ABILITY_GROWTH_COMBAT_REWARDS.txt,Old Versions/AIDRPG/aidrpgv1-6-2_ABILITY_GROWTH_COMBAT_REWARDS.txt,flattened_from_previous_compile,1009467,ce797363f03f7e3e3c9377f607ea10a8644f0ae5024bae9e240d367c24bae9ac
Old Versions/aidrpgv1-7-0_GLOBAL_FALSE_POSITIVE_HARDENING.txt,Old Versions/AIDRPG/aidrpgv1-7-0_GLOBAL_FALSE_POSITIVE_HARDENING.txt,flattened_from_previous_compile,1192803,e67b96b020687ef001695d30cf4c5fed335fc8b3208fc02e91530fe8325dd847
Old Versions/aidrpgv1-7-8_SETUP_QUEST_POLISH.txt,Old Versions/AIDRPG/aidrpgv1-7-8_SETUP_QUEST_POLISH.txt,flattened_from_previous_compile,1186369,6791d860b11f136232f0572da039c667a68b117ff375ba8fdab3293402e62dae
Old Versions/aidrpgv1-9-2_CONSEQUENCE_COMBAT_INJURY_CORE.txt,Old Versions/AIDRPG/aidrpgv1-9-2_CONSEQUENCE_COMBAT_INJURY_CORE.txt,flattened_from_previous_compile,83471,a5c333be1f7c951125a893e679968c118abf4be15d3401182b3296d40ed46641
Old Versions/Pasted Text.txt 15.txt,Old Versions/Other Old Versions/Pasted Text.txt 15.txt,flattened_from_previous_compile,58277,4129b424e61fb8ecefa14ae2f33cd6805f84f3e54b7b53ec242b2bf1c5eb69e5
"Old Versions/Potential improvements for TAS, and Inner Self safe guards.txt(4).txt","Old Versions/Other Old Versions/Potential improvements for TAS, and Inner Self safe guards.txt(4).txt",flattened_from_previous_compile,33240,5a1ea5850c8d8dd57685320798f628f0c0b3e4730d091494fb7f3e34f04e98f4
Old Versions/FinalWLCore.txt,Old Versions/WorldLedger/FinalWLCore.txt,flattened_from_previous_compile,381931,bc4717db1b5014110f081a07c725601a59acf59dd042f6c609e1863353834add
Old Versions/WorldLedger_CleanCore_Build10_0A_R1_OrganizationalClean 2.txt,Old Versions/WorldLedger/WorldLedger_CleanCore_Build10_0A_R1_OrganizationalClean 2.txt,flattened_from_previous_compile,1302852,99dda43fea94361c7a412a6c53418e9e312cce38c4d32ced43ab27021b6961eb
Old Versions/WorldLedger_CleanCore_Build1_Skeleton.txt,Old Versions/WorldLedger/WorldLedger_CleanCore_Build1_Skeleton.txt,flattened_from_previous_compile,27696,914dabc2c343e1c5a184e832505af1d85938e69f5c39cf6c2278198b22a7bd2c
Old Versions/WorldLedger_CleanCore_Build2_PipelineSpine.txt,Old Versions/WorldLedger/WorldLedger_CleanCore_Build2_PipelineSpine.txt,flattened_from_previous_compile,46045,df562d5ea7d86258420ab344fe9f502482bfed4fcd74425af7ae24f4bd10dadd
Old Versions/WorldLedger_CleanCore_Build6_TimeWorldActors.txt,Old Versions/WorldLedger/WorldLedger_CleanCore_Build6_TimeWorldActors.txt,flattened_from_previous_compile,186766,9e260d0e5501df3be21f577dd9e5631b9ca95c25c9f047300d32efed531d4e63
Old Versions/WorldLedger_CleanCore_Build7_1_FullCoreFlowHardening.txt,Old Versions/WorldLedger/WorldLedger_CleanCore_Build7_1_FullCoreFlowHardening.txt,flattened_from_previous_compile,258353,c713ceac1d9bcefc17052443f9e370861a014456e629557be79847b17ee45f93
Old Versions/WorldLedger_CleanCore_Build7_4_QuestActorWorldRelationshipHardening.txt,Old Versions/WorldLedger/WorldLedger_CleanCore_Build7_4_QuestActorWorldRelationshipHardening.txt,flattened_from_previous_compile,298069,57beb70b4376ddd8753371dc86702d2dc6eaf9f6e341cec5b6bb988c1f1d6fcf
Old Versions/WorldLedger_CleanCore_Build8_0_ContextCardMirrors.txt,Old Versions/WorldLedger/WorldLedger_CleanCore_Build8_0_ContextCardMirrors.txt,flattened_from_previous_compile,369901,bf3749424fe9e26c2738e9a549f73005a99e0c6619b5cec2f0997258d2fbbefe
Old Versions/WorldLedger_CleanCore_Build9_2_FinalCandidate.txt,Old Versions/WorldLedger/WorldLedger_CleanCore_Build9_2_FinalCandidate.txt,flattened_from_previous_compile,401969,25c57dbfe903cffd02bc3246b50a01d5d3f7a75a050db69fd4a9e34db6eeabee
Old Versions/WorldLedger_CleanCore_Build9_3F_CommandAliasRestoration.txt,Old Versions/WorldLedger/WorldLedger_CleanCore_Build9_3F_CommandAliasRestoration.txt,flattened_from_previous_compile,436778,ea29281f20aef5c02a01693a401b1d6d65bcf0a4e244691c1f9c84c1fb308159
Old Versions/WorldLedger_CleanCore_Build9_5F_CrimeEvidenceClueFoundation.txt,Old Versions/WorldLedger/WorldLedger_CleanCore_Build9_5F_CrimeEvidenceClueFoundation.txt,flattened_from_previous_compile,618395,79dc5857e2ce6389e0b59b152b86f0b54b1f53107ce9eb5212828220b41a15be
Old Versions/WorldLedger_CleanCore_Build9_5H_SocialConsequenceIntegrationGate.txt,Old Versions/WorldLedger/WorldLedger_CleanCore_Build9_5H_SocialConsequenceIntegrationGate.txt,flattened_from_previous_compile,649866,73e46e3858bc237e2498864aeec3c0ee3b7edabab740dedab4038ae0c0babb5a
Old Versions/WorldLedger_CleanCore_Build9_6B2_EconomyTransactionFoundation.txt,Old Versions/WorldLedger/WorldLedger_CleanCore_Build9_6B2_EconomyTransactionFoundation.txt,flattened_from_previous_compile,737090,c745e32f1f5f9fcb36d2834d5566d073a8d3f8a9532ce7e8d785f74fbfd39ce0
Roadmaps/ARCHIVES_EXTRACTED.csv,Roadmaps/00_PACKAGE_AUDIT/ARCHIVES_EXTRACTED.csv,flattened_from_previous_compile,5813,f88cecd0873130737118fdc08f3b5475410bc94ca55ffe377dc10bd64e78a630
Roadmaps/DUPLICATES_SKIPPED.csv,Roadmaps/00_PACKAGE_AUDIT/DUPLICATES_SKIPPED.csv,flattened_from_previous_compile,1242990,86653ce19af5b6579ddae276993dcee55d24d95f3476f087f99aeefc36fdf819
Roadmaps/INCLUDED_FILES.csv,Roadmaps/00_PACKAGE_AUDIT/INCLUDED_FILES.csv,flattened_from_previous_compile,242416,d9ddb1530fe886c1290f695b60ccb302e01ccff1836686f2ab98b85e0b05b1dd
Roadmaps/README_COMPILE_NOTES.md,Roadmaps/00_PACKAGE_AUDIT/README_COMPILE_NOTES.md,flattened_from_previous_compile,1077,638c4501d94799560b12267abc8b083608ef055caf3b6bb10aa6735f01d29ac5
Roadmaps/SOURCE_INPUTS_PROCESSED.csv,Roadmaps/00_PACKAGE_AUDIT/SOURCE_INPUTS_PROCESSED.csv,flattened_from_previous_compile,12122,4ccf98086c7ab0a35cfa1adaa35695df508a2ede53650d19ebf48c268fc2030d
Roadmaps/00_AIDRPG_Final_Build_Control_Map_v1.txt,Roadmaps/Build Control and Authority/AIDRPG_Final_Build_Planning_Package_v1_4_12_WITH_PRODUCTION_CHUNKS_01_TO_15/10_Final_Build_Control_Map/00_AIDRPG_Final_Build_Control_Map_v1.txt,flattened_from_previous_compile,52570,9ba8c180cf02630555cc5b52a96f82ef88ff97fe30048c3ef5b3cfb1341faf42
Roadmaps/01_PROJECT_AUTHORITY_ORDER.txt,Roadmaps/Build Control and Authority/AIDRPG_Final_Build_Planning_Package_v1_4_12_WITH_PRODUCTION_CHUNKS_01_TO_15/40_Previous_Master_Package_v1_3_ROADMAP_GAP_ALIGNED_EXTRACTED/00_Original_v1_1_Master_Notes/01_PROJECT_AUTHORITY_ORDER.txt,flattened_from_previous_compile,1862,d512353407b107e3f606357b8bf2fa8c3771d01af05e7d01fb0f95900f9e0ae7
Roadmaps/01_PROJECT_AUTHORITY_ORDER_v1_2.txt,Roadmaps/Build Control and Authority/AIDRPG_Final_Build_Planning_Package_v1_4_12_WITH_PRODUCTION_CHUNKS_01_TO_15/40_Previous_Master_Package_v1_3_ROADMAP_GAP_ALIGNED_EXTRACTED/01_PROJECT_AUTHORITY_ORDER_v1_2.txt,flattened_from_previous_compile,2378,b932c84d99e243c0b326b2db2bf82641a8824c7475141b09236f8914094909bb
Roadmaps/01_PROJECT_AUTHORITY_ORDER_v1_3.txt,Roadmaps/Build Control and Authority/AIDRPG_Final_Build_Planning_Package_v1_4_12_WITH_PRODUCTION_CHUNKS_01_TO_15/40_Previous_Master_Package_v1_3_ROADMAP_GAP_ALIGNED_EXTRACTED/01_PROJECT_AUTHORITY_ORDER_v1_3.txt,flattened_from_previous_compile,1131,ab6893f65c5336d5d32966db483d4064597fb139ef956f8b8fec3f537dad1c1e
Roadmaps/AIDRPG_Design_Bible_Chunk_01_Core_Play_Philosophy_and_Canon_Law.txt,Roadmaps/Build Control and Authority/AIDRPG_Final_Build_Planning_Package_v1_4_12_WITH_PRODUCTION_CHUNKS_01_TO_15/40_Previous_Master_Package_v1_3_ROADMAP_GAP_ALIGNED_EXTRACTED/01_Repaired_Design_Bible_33_Chunks/AIDRPG_Design_Bible_Chunk_01_Core_Play_Philosophy_and_Canon_Law.txt,flattened_from_previous_compile,29467,10c20b275886dc0d0ebf4edabb0757f33e8e1cdc2316f8328428a74b3747da11
Roadmaps/AIDRPG_REPAIR_SUMMARY_AND_AUTHORITY_ORDER.txt,Roadmaps/Build Control and Authority/AIDRPG_Final_Build_Planning_Package_v1_4_12_WITH_PRODUCTION_CHUNKS_01_TO_15/40_Previous_Master_Package_v1_3_ROADMAP_GAP_ALIGNED_EXTRACTED/01_Repaired_Design_Bible_33_Chunks/AIDRPG_REPAIR_SUMMARY_AND_AUTHORITY_ORDER.txt,flattened_from_previous_compile,2259,934c157a1be6a49366758441ac306c77f443d6d46605054d960cfbca451bd974
Roadmaps/00_CURRENT_AIDRPG_Script_Build_Roadmap_v1_1_Gap_Aligned_Current_Authority.txt,Roadmaps/Build Control and Authority/AIDRPG_Final_Build_Planning_Package_v1_4_12_WITH_PRODUCTION_CHUNKS_01_TO_15/40_Previous_Master_Package_v1_3_ROADMAP_GAP_ALIGNED_EXTRACTED/03_Roadmap_and_Pre_Code_Gap_Closure/00_CURRENT_AIDRPG_Script_Build_Roadmap_v1_1_Gap_Aligned_Current_Authority.txt,flattened_from_previous_compile,23012,98a9d033a17b5cef7a16bb6dec819cb2c92756e28aa5d8d37ffbffde60ad3a80
Roadmaps/15_AIDRPG_Production_Chunk_15_World_Bible_Import_Lore_Authority_and_Knowledge_Boundaries.txt,Roadmaps/Build Control and Authority/AIDRPG_Final_Build_Planning_Package_v1_4_12_WITH_PRODUCTION_CHUNKS_01_TO_15/40_Production_Roadmap/15_AIDRPG_Production_Chunk_15_World_Bible_Import_Lore_Authority_and_Knowledge_Boundaries.txt,flattened_from_previous_compile,33433,87b14d41dcdaf9780941cad60a83a049b6ec54b6629a91786dddc15be8e37c6b
Roadmaps/WorldLedger_Clean_Core_Build_Control.docx,Roadmaps/Build Control and Authority/WorldLedger_Clean_Core_Build_Control.docx,flattened_from_previous_compile,50046,96202b6ee6fc4b9188e2c03cb94a6810734b4375049699c4004529d7e20fb17f
Roadmaps/20_AIDRPG_Production_Chunk_20_Factions_Reputation_Evidence_Law_Crime_and_Consequence_Boundaries.txt,Roadmaps/Build Control and Authority/WorldLedger_CORE_FIRST_CURRENT_PLANNING_RESOURCE/08_SUPPORTING_PACKAGES_AND_EXTRACTED_ARCHIVES/AIDRPG_Final_Build_Planning_Package_v1_4_23_REPAIRED_FINAL_WITH_PRODUCTION_CHUNKS_01_TO_25/40_Production_Roadmap/20_AIDRPG_Production_Chunk_20_Factions_Reputation_Evidence_Law_Crime_and_Consequence_Boundaries.txt,flattened_from_previous_compile,51539,2dfa93203a5ef63abc252e7cd76c4764862ffd2acbe86e0415e754a1e8d7db42
Roadmaps/1778372625196-projectaidrpg.md,Roadmaps/Current Plans and Roadmaps/1778372625196-projectaidrpg.md,flattened_from_previous_compile,7104,ea5be38c87f300f645e30ff5ab1dcb854744cd6ce368dc2dcd1743baa5306b58
Roadmaps/00_COPY_PASTE_PROMPT_FOR_NEW_CONVERSATION.txt,Roadmaps/Current Plans and Roadmaps/AIDRPG_Final_Build_Planning_Package_v1_4_12_WITH_PRODUCTION_CHUNKS_01_TO_15/00_COPY_PASTE_PROMPT_FOR_NEW_CONVERSATION.txt,flattened_from_previous_compile,2115,1daa49faed90f8b83648163fe28cd3d4ccd41de560ef3e5b2937e83ac357009e
Roadmaps/00_FILE_MANIFEST.csv,Roadmaps/Current Plans and Roadmaps/AIDRPG_Final_Build_Planning_Package_v1_4_12_WITH_PRODUCTION_CHUNKS_01_TO_15/00_FILE_MANIFEST.csv,flattened_from_previous_compile,5149,d0a55b0ae7d666e33d521a728356b514674d6a59799a3d73cc301d9c6769f151
Roadmaps/00_FILE_MANIFEST.json,Roadmaps/Current Plans and Roadmaps/AIDRPG_Final_Build_Planning_Package_v1_4_12_WITH_PRODUCTION_CHUNKS_01_TO_15/00_FILE_MANIFEST.json,flattened_from_previous_compile,7878,bdfb5a4e1f887c0a16385dd216b258097d085978e9c4d40d5faa0da6f6de7029
Roadmaps/00_FILE_MANIFEST_REVIEWED_v1_4_1.csv,Roadmaps/Current Plans and Roadmaps/AIDRPG_Final_Build_Planning_Package_v1_4_12_WITH_PRODUCTION_CHUNKS_01_TO_15/00_FILE_MANIFEST_REVIEWED_v1_4_1.csv,flattened_from_previous_compile,18528,54429bf177ee06f87351623b424eeab7443c4ac3d238e09e583a74758138f237
Roadmaps/00_FILE_MANIFEST_REVIEWED_v1_4_1.json,Roadmaps/Current Plans and Roadmaps/AIDRPG_Final_Build_Planning_Package_v1_4_12_WITH_PRODUCTION_CHUNKS_01_TO_15/00_FILE_MANIFEST_REVIEWED_v1_4_1.json,flattened_from_previous_compile,23932,1a17cbb6b8947742e3f54d64578376b4501a539adcc69b49388ed67aa0929dc0
Roadmaps/00_FILE_MANIFEST_v1_4_10.csv,Roadmaps/Current Plans and Roadmaps/AIDRPG_Final_Build_Planning_Package_v1_4_12_WITH_PRODUCTION_CHUNKS_01_TO_15/00_FILE_MANIFEST_v1_4_10.csv,flattened_from_previous_compile,24546,cff4d5fb8f44209b8c6b570bf4bea52b9b9b7a255e70986a62cce59b30388703
Roadmaps/00_FILE_MANIFEST_v1_4_10.json,Roadmaps/Current Plans and Roadmaps/AIDRPG_Final_Build_Planning_Package_v1_4_12_WITH_PRODUCTION_CHUNKS_01_TO_15/00_FILE_MANIFEST_v1_4_10.json,flattened_from_previous_compile,31684,4a267bc88600e6b1c1cc4cad5adafc3445d92641e2a4de714a16c94d241aa355
Roadmaps/00_FILE_MANIFEST_v1_4_11.csv,Roadmaps/Current Plans and Roadmaps/AIDRPG_Final_Build_Planning_Package_v1_4_12_WITH_PRODUCTION_CHUNKS_01_TO_15/00_FILE_MANIFEST_v1_4_11.csv,flattened_from_previous_compile,25198,f478485b8bbbbe751024dcf6fcca2bd5c7292f95e123cb78ed97dd5d02c29f2d
Roadmaps/00_FILE_MANIFEST_v1_4_11.json,Roadmaps/Current Plans and Roadmaps/AIDRPG_Final_Build_Planning_Package_v1_4_12_WITH_PRODUCTION_CHUNKS_01_TO_15/00_FILE_MANIFEST_v1_4_11.json,flattened_from_previous_compile,32601,0bdff6b15e108bc86193f24be2a2b8c6dc5e680b5fda60c725ed9006a5a47c87
Roadmaps/00_FILE_MANIFEST_v1_4_12.csv,Roadmaps/Current Plans and Roadmaps/AIDRPG_Final_Build_Planning_Package_v1_4_12_WITH_PRODUCTION_CHUNKS_01_TO_15/00_FILE_MANIFEST_v1_4_12.csv,flattened_from_previous_compile,25853,9e71812b2c5bcfe1906851cbb15b94edccf2a7d4d6d3075a0b7cb185fce0a4e8
Roadmaps/00_FILE_MANIFEST_v1_4_12.json,Roadmaps/Current Plans and Roadmaps/AIDRPG_Final_Build_Planning_Package_v1_4_12_WITH_PRODUCTION_CHUNKS_01_TO_15/00_FILE_MANIFEST_v1_4_12.json,flattened_from_previous_compile,34241,3868ab51cde9043c678ac92a89146488b4808a76c8a5e41df1d8e15bce734cb8
Roadmaps/00_FILE_MANIFEST_v1_4_2.csv,Roadmaps/Current Plans and Roadmaps/AIDRPG_Final_Build_Planning_Package_v1_4_12_WITH_PRODUCTION_CHUNKS_01_TO_15/00_FILE_MANIFEST_v1_4_2.csv,flattened_from_previous_compile,13715,f73976e27f7b37e8cdf5b32eb5803016a6d0c1d4e7a29d18776cb271cf3f1d9d
Roadmaps/00_FILE_MANIFEST_v1_4_2.json,Roadmaps/Current Plans and Roadmaps/AIDRPG_Final_Build_Planning_Package_v1_4_12_WITH_PRODUCTION_CHUNKS_01_TO_15/00_FILE_MANIFEST_v1_4_2.json,flattened_from_previous_compile,18258,664bf302c748cedc0d3e23d50d9481a0eba5c20ca78bfc5d919d6aca160b6602
Roadmaps/00_FILE_MANIFEST_v1_4_3.csv,Roadmaps/Current Plans and Roadmaps/AIDRPG_Final_Build_Planning_Package_v1_4_12_WITH_PRODUCTION_CHUNKS_01_TO_15/00_FILE_MANIFEST_v1_4_3.csv,flattened_from_previous_compile,20852,1549d1a96b2c2727090501b6a354c75500edbf2b370eadb27c44aecf9d773cf8
Roadmaps/00_FILE_MANIFEST_v1_4_3.json,Roadmaps/Current Plans and Roadmaps/AIDRPG_Final_Build_Planning_Package_v1_4_12_WITH_PRODUCTION_CHUNKS_01_TO_15/00_FILE_MANIFEST_v1_4_3.json,flattened_from_previous_compile,26978,8bbfdd49d230e1a52811f971abb9bb3772282302ba8db163beb6d4dd5f5ec4a4
Roadmaps/00_FILE_MANIFEST_v1_4_5.csv,Roadmaps/Current Plans and Roadmaps/AIDRPG_Final_Build_Planning_Package_v1_4_12_WITH_PRODUCTION_CHUNKS_01_TO_15/00_FILE_MANIFEST_v1_4_5.csv,flattened_from_previous_compile,14278,f88f0f91c047bd1cf44311623ec146ef4e6a104e1808e2bb157fb6056176cc00
Roadmaps/00_FILE_MANIFEST_v1_4_5.json,Roadmaps/Current Plans and Roadmaps/AIDRPG_Final_Build_Planning_Package_v1_4_12_WITH_PRODUCTION_CHUNKS_01_TO_15/00_FILE_MANIFEST_v1_4_5.json,flattened_from_previous_compile,18264,7f89a181deebd274d753d2a1479a4bc737172d114bdc87d0e1bbec27c59d6752
Roadmaps/00_FILE_MANIFEST_v1_4_6.csv,Roadmaps/Current Plans and Roadmaps/AIDRPG_Final_Build_Planning_Package_v1_4_12_WITH_PRODUCTION_CHUNKS_01_TO_15/00_FILE_MANIFEST_v1_4_6.csv,flattened_from_previous_compile,17727,01a107441d3821678f9b756f2235768b9e183eece7fa13f67e2a85c0aafecc77
Roadmaps/00_FILE_MANIFEST_v1_4_6.json,Roadmaps/Current Plans and Roadmaps/AIDRPG_Final_Build_Planning_Package_v1_4_12_WITH_PRODUCTION_CHUNKS_01_TO_15/00_FILE_MANIFEST_v1_4_6.json,flattened_from_previous_compile,25059,f0262103dc8f926355484c2e08f7a5884841f3f6079d194fd9b00056601918fb
Roadmaps/00_FILE_MANIFEST_v1_4_7.csv,Roadmaps/Current Plans and Roadmaps/AIDRPG_Final_Build_Planning_Package_v1_4_12_WITH_PRODUCTION_CHUNKS_01_TO_15/00_FILE_MANIFEST_v1_4_7.csv,flattened_from_previous_compile,14796,047c3175795e714d4e6dc4f5f87a63df25bb96ec32313b5575f9addaff8329a0
Roadmaps/00_FILE_MANIFEST_v1_4_7.json,Roadmaps/Current Plans and Roadmaps/AIDRPG_Final_Build_Planning_Package_v1_4_12_WITH_PRODUCTION_CHUNKS_01_TO_15/00_FILE_MANIFEST_v1_4_7.json,flattened_from_previous_compile,19701,bcd599bb8a513dfa1a216bf98d8097dd7816823c704f2baffba6714b29ad037b
Roadmaps/00_FILE_MANIFEST_v1_4_8.csv,Roadmaps/Current Plans and Roadmaps/AIDRPG_Final_Build_Planning_Package_v1_4_12_WITH_PRODUCTION_CHUNKS_01_TO_15/00_FILE_MANIFEST_v1_4_8.csv,flattened_from_previous_compile,15112,f4b64d529b1534c8a121c9f52a1d7470f18ff82ca40e621bc695f3ac104f6902
Roadmaps/00_FILE_MANIFEST_v1_4_8.json,Roadmaps/Current Plans and Roadmaps/AIDRPG_Final_Build_Planning_Package_v1_4_12_WITH_PRODUCTION_CHUNKS_01_TO_15/00_FILE_MANIFEST_v1_4_8.json,flattened_from_previous_compile,21320,37a36114ac6a985dac424a41a3ed2d2ca1f64fafcfef90aa642d78c1574b1ce1
Roadmaps/00_FILE_MANIFEST_v1_4_9.csv,Roadmaps/Current Plans and Roadmaps/AIDRPG_Final_Build_Planning_Package_v1_4_12_WITH_PRODUCTION_CHUNKS_01_TO_15/00_FILE_MANIFEST_v1_4_9.csv,flattened_from_previous_compile,15429,62d579da3a996f51b71c70e810e148201dfdcdf9e5b6f716a60d968c30a62974
Roadmaps/00_FILE_MANIFEST_v1_4_9.json,Roadmaps/Current Plans and Roadmaps/AIDRPG_Final_Build_Planning_Package_v1_4_12_WITH_PRODUCTION_CHUNKS_01_TO_15/00_FILE_MANIFEST_v1_4_9.json,flattened_from_previous_compile,21885,9dfb6b83ee23bff58eddbb1b49556edd9ca0fbc04aa85d8d1324c3dda37b9080
Roadmaps/00_PACKAGE_UPDATE_v1_4_10.txt,Roadmaps/Current Plans and Roadmaps/AIDRPG_Final_Build_Planning_Package_v1_4_12_WITH_PRODUCTION_CHUNKS_01_TO_15/00_PACKAGE_UPDATE_v1_4_10.txt,flattened_from_previous_compile,604,07d952e39e65d42fc394ba5b1d863abc0ea4cdda7de0c219175cfd5c81ff882b
Roadmaps/00_PACKAGE_UPDATE_v1_4_11.txt,Roadmaps/Current Plans and Roadmaps/AIDRPG_Final_Build_Planning_Package_v1_4_12_WITH_PRODUCTION_CHUNKS_01_TO_15/00_PACKAGE_UPDATE_v1_4_11.txt,flattened_from_previous_compile,598,3575b5b5caa8c2d7ffac90028b781fa578b5622fd8e83203a26e2bdbf7272442
Roadmaps/00_PACKAGE_UPDATE_v1_4_12.txt,Roadmaps/Current Plans and Roadmaps/AIDRPG_Final_Build_Planning_Package_v1_4_12_WITH_PRODUCTION_CHUNKS_01_TO_15/00_PACKAGE_UPDATE_v1_4_12.txt,flattened_from_previous_compile,906,23b074edf26ddd35108e17a4fef92f47d747b38f9f19973c518855a1f736bf19
Roadmaps/00_PACKAGE_UPDATE_v1_4_5.txt,Roadmaps/Current Plans and Roadmaps/AIDRPG_Final_Build_Planning_Package_v1_4_12_WITH_PRODUCTION_CHUNKS_01_TO_15/00_PACKAGE_UPDATE_v1_4_5.txt,flattened_from_previous_compile,468,3c9d71b40df2dfed418ecac0fc51756ae4a65fc72f82985551ea797c03438df4
Roadmaps/00_PACKAGE_UPDATE_v1_4_6.txt,Roadmaps/Current Plans and Roadmaps/AIDRPG_Final_Build_Planning_Package_v1_4_12_WITH_PRODUCTION_CHUNKS_01_TO_15/00_PACKAGE_UPDATE_v1_4_6.txt,flattened_from_previous_compile,527,dd2f576ed1820065c312583bc5c14f7dcc046ca2aba1713686dfa516d76ba010
Roadmaps/00_PACKAGE_UPDATE_v1_4_7.txt,Roadmaps/Current Plans and Roadmaps/AIDRPG_Final_Build_Planning_Package_v1_4_12_WITH_PRODUCTION_CHUNKS_01_TO_15/00_PACKAGE_UPDATE_v1_4_7.txt,flattened_from_previous_compile,587,8a771140c88a26eab70efccb90b8af028688733fc8b8fd2a42d93cd6e3d19f3b
Roadmaps/00_PACKAGE_UPDATE_v1_4_8.txt,Roadmaps/Current Plans and Roadmaps/AIDRPG_Final_Build_Planning_Package_v1_4_12_WITH_PRODUCTION_CHUNKS_01_TO_15/00_PACKAGE_UPDATE_v1_4_8.txt,flattened_from_previous_compile,559,0f0817758388c9aa9be9b15c3bd51f1729da2aec9311c961a0c3bd2890d4222c
Roadmaps/00_PACKAGE_UPDATE_v1_4_9.txt,Roadmaps/Current Plans and Roadmaps/AIDRPG_Final_Build_Planning_Package_v1_4_12_WITH_PRODUCTION_CHUNKS_01_TO_15/00_PACKAGE_UPDATE_v1_4_9.txt,flattened_from_previous_compile,579,589bd513cbb42d708f7beb8bbdf58e90e2104e0adc63484651c7619b4781d1b8
Roadmaps/00_PRODUCTION_CHUNK_UPDATE_v1_4_2.txt,Roadmaps/Current Plans and Roadmaps/AIDRPG_Final_Build_Planning_Package_v1_4_12_WITH_PRODUCTION_CHUNKS_01_TO_15/00_PRODUCTION_CHUNK_UPDATE_v1_4_2.txt,flattened_from_previous_compile,834,5c0159a1abc70db1366f91f3518cf68dae3df530c814d8a3f82beb5f59e666c1
Roadmaps/00_PRODUCTION_CHUNK_UPDATE_v1_4_3.txt,Roadmaps/Current Plans and Roadmaps/AIDRPG_Final_Build_Planning_Package_v1_4_12_WITH_PRODUCTION_CHUNKS_01_TO_15/00_PRODUCTION_CHUNK_UPDATE_v1_4_3.txt,flattened_from_previous_compile,643,9a7cdd672089e79ad8f0fa4f88e2d0952369baf5afa1e7c6ee2ef9830f9c91f5
Roadmaps/00_README_INDEX_AND_VERIFICATION.txt,Roadmaps/Current Plans and Roadmaps/AIDRPG_Final_Build_Planning_Package_v1_4_12_WITH_PRODUCTION_CHUNKS_01_TO_15/00_README_INDEX_AND_VERIFICATION.txt,flattened_from_previous_compile,4783,831631e954c78fa4fcebd9ff359a656c6095a2e0144b2e5a0bbffb2f5fea3f20
Roadmaps/00_REVIEW_RESULT_GOOD_TO_GO.txt,Roadmaps/Current Plans and Roadmaps/AIDRPG_Final_Build_Planning_Package_v1_4_12_WITH_PRODUCTION_CHUNKS_01_TO_15/00_REVIEW_RESULT_GOOD_TO_GO.txt,flattened_from_previous_compile,2026,d6769388293bc9d0969a5390e23186ace82dfa7ae8976a28b749bf21dec67964
Roadmaps/00_START_HERE_CODEPASS1_HANDOFF.txt,Roadmaps/Current Plans and Roadmaps/AIDRPG_Final_Build_Planning_Package_v1_4_12_WITH_PRODUCTION_CHUNKS_01_TO_15/00_START_HERE_CODEPASS1_HANDOFF.txt,flattened_from_previous_compile,3395,e6d56292a6bb9bce6237ead830815bed608fc2bf282329d207128e4e8b9134c0
Roadmaps/00_AIDRPG_Build_Chunks_01_to_17_ALL_IN_ONE.txt,Roadmaps/Current Plans and Roadmaps/AIDRPG_Final_Build_Planning_Package_v1_4_12_WITH_PRODUCTION_CHUNKS_01_TO_15/20_Build_Chunks_01_to_17/00_AIDRPG_Build_Chunks_01_to_17_ALL_IN_ONE.txt,flattened_from_previous_compile,546558,89249de9545a399efc401298e8be066a0585fc093cb153f757fc89831b86a0db
Roadmaps/01_AIDRPG_Build_Chunk_01_Implementation_Start_Packet.txt,Roadmaps/Current Plans and Roadmaps/AIDRPG_Final_Build_Planning_Package_v1_4_12_WITH_PRODUCTION_CHUNKS_01_TO_15/20_Build_Chunks_01_to_17/01_AIDRPG_Build_Chunk_01_Implementation_Start_Packet.txt,flattened_from_previous_compile,21816,617f6d8877607f14e837f6c5cdc49e9b1f489d12d7d0f84c0231926db1cfa515
Roadmaps/02_AIDRPG_Build_Chunk_02_File_and_Module_Layout_Plan.txt,Roadmaps/Current Plans and Roadmaps/AIDRPG_Final_Build_Planning_Package_v1_4_12_WITH_PRODUCTION_CHUNKS_01_TO_15/20_Build_Chunks_01_to_17/02_AIDRPG_Build_Chunk_02_File_and_Module_Layout_Plan.txt,flattened_from_previous_compile,27608,8243553c4956611be5f585a70042de3e2742933c66b08a813a9daccf4240bc44
Roadmaps/03_AIDRPG_Build_Chunk_03_State_Schema_Lock.txt,Roadmaps/Current Plans and Roadmaps/AIDRPG_Final_Build_Planning_Package_v1_4_12_WITH_PRODUCTION_CHUNKS_01_TO_15/20_Build_Chunks_01_to_17/03_AIDRPG_Build_Chunk_03_State_Schema_Lock.txt,flattened_from_previous_compile,40406,2d0ed74685333c10b9f6f7d5c4c701c485f2d06ef1730ed3647053f2ff127ebc
Roadmaps/04_AIDRPG_Build_Chunk_04_Command_Output_Format_Lock.txt,Roadmaps/Current Plans and Roadmaps/AIDRPG_Final_Build_Planning_Package_v1_4_12_WITH_PRODUCTION_CHUNKS_01_TO_15/20_Build_Chunks_01_to_17/04_AIDRPG_Build_Chunk_04_Command_Output_Format_Lock.txt,flattened_from_previous_compile,33953,164611d66a36d052661047b8a27be2db590b2b58dbb1faac9292a937283c1159
Roadmaps/05_AIDRPG_Build_Chunk_05_StateManager_Plan.txt,Roadmaps/Current Plans and Roadmaps/AIDRPG_Final_Build_Planning_Package_v1_4_12_WITH_PRODUCTION_CHUNKS_01_TO_15/20_Build_Chunks_01_to_17/05_AIDRPG_Build_Chunk_05_StateManager_Plan.txt,flattened_from_previous_compile,22652,6f9f64c71f6bc864f5e8c9d341f5eb845c8a1660ed5dfa2f4c6c233a14cd43ff
Roadmaps/06_AIDRPG_Build_Chunk_06_Runtime_Hook_Contract_Implementation_Plan.txt,Roadmaps/Current Plans and Roadmaps/AIDRPG_Final_Build_Planning_Package_v1_4_12_WITH_PRODUCTION_CHUNKS_01_TO_15/20_Build_Chunks_01_to_17/06_AIDRPG_Build_Chunk_06_Runtime_Hook_Contract_Implementation_Plan.txt,flattened_from_previous_compile,27442,ede3c50c9c4df8f767099e63b96807321636f29bc8de1d6ef605e44ae6ba4223
Roadmaps/08_AIDRPG_Build_Chunk_08_CommandRouter_and_Command_Renderer_Implementation_Plan.txt,Roadmaps/Current Plans and Roadmaps/AIDRPG_Final_Build_Planning_Package_v1_4_12_WITH_PRODUCTION_CHUNKS_01_TO_15/20_Build_Chunks_01_to_17/08_AIDRPG_Build_Chunk_08_CommandRouter_and_Command_Renderer_Implementation_Plan.txt,flattened_from_previous_compile,28437,109b9bdaa40982fb179ea7f5b38a4197f604244e17ed484ce28ecefe628b3744
Roadmaps/09_AIDRPG_Build_Chunk_09_EventScannerLite_Parser_Shell_Plan.txt,Roadmaps/Current Plans and Roadmaps/AIDRPG_Final_Build_Planning_Package_v1_4_12_WITH_PRODUCTION_CHUNKS_01_TO_15/20_Build_Chunks_01_to_17/09_AIDRPG_Build_Chunk_09_EventScannerLite_Parser_Shell_Plan.txt,flattened_from_previous_compile,29108,5783e0f07ad4ad096459cf4401f1c65981bd95e033e3af2539e411e44198679f
Roadmaps/10_AIDRPG_Build_Chunk_10_EventProposal_Local_Clause_Binding_and_ProposalBuilder_Plan.txt,Roadmaps/Current Plans and Roadmaps/AIDRPG_Final_Build_Planning_Package_v1_4_12_WITH_PRODUCTION_CHUNKS_01_TO_15/20_Build_Chunks_01_to_17/10_AIDRPG_Build_Chunk_10_EventProposal_Local_Clause_Binding_and_ProposalBuilder_Plan.txt,flattened_from_previous_compile,36016,ec5a06043cb6c8269652f4e1abf7bfda2ea5efc4cb00e71156ced986a7438077
Roadmaps/11_AIDRPG_Build_Chunk_11_CanonValidator_and_Clause_Level_Canon_Rules_Plan.txt,Roadmaps/Current Plans and Roadmaps/AIDRPG_Final_Build_Planning_Package_v1_4_12_WITH_PRODUCTION_CHUNKS_01_TO_15/20_Build_Chunks_01_to_17/11_AIDRPG_Build_Chunk_11_CanonValidator_and_Clause_Level_Canon_Rules_Plan.txt,flattened_from_previous_compile,28011,1a8123801e72337197a0738acd65f57cc80d97a1da127ae32ec7d19d8c89d028
Roadmaps/12_AIDRPG_Build_Chunk_12_Resolver_and_Owner_Specific_Sanitizer_Plan.txt,Roadmaps/Current Plans and Roadmaps/AIDRPG_Final_Build_Planning_Package_v1_4_12_WITH_PRODUCTION_CHUNKS_01_TO_15/20_Build_Chunks_01_to_17/12_AIDRPG_Build_Chunk_12_Resolver_and_Owner_Specific_Sanitizer_Plan.txt,flattened_from_previous_compile,26965,dc53afe5d19cf4f525a21c7b32c723f302bb7b431f9d02fbb7b4041ed6d50190
Roadmaps/13_AIDRPG_Build_Chunk_13_ReducerRegistry_and_Owner_Reducer_Contract_Plan.txt,Roadmaps/Current Plans and Roadmaps/AIDRPG_Final_Build_Planning_Package_v1_4_12_WITH_PRODUCTION_CHUNKS_01_TO_15/20_Build_Chunks_01_to_17/13_AIDRPG_Build_Chunk_13_ReducerRegistry_and_Owner_Reducer_Contract_Plan.txt,flattened_from_previous_compile,27393,5c4a0d88dfe456323587f31ebda493572ce99bec3bf471be827c126091cdcc50
Roadmaps/14_AIDRPG_Build_Chunk_14_Core_Reducer_Plans.txt,Roadmaps/Current Plans and Roadmaps/AIDRPG_Final_Build_Planning_Package_v1_4_12_WITH_PRODUCTION_CHUNKS_01_TO_15/20_Build_Chunks_01_to_17/14_AIDRPG_Build_Chunk_14_Core_Reducer_Plans.txt,flattened_from_previous_compile,31340,3db11087cd61dc34c3c7d74f37ccfcb0b1f143448ed50c24df7d2976fb90bb51
Roadmaps/15_AIDRPG_Build_Chunk_15_ContextBuilder_CardSyncLite_Migration_DirtyQueue_and_Cleanup_Integration_Plan.txt,Roadmaps/Current Plans and Roadmaps/AIDRPG_Final_Build_Planning_Package_v1_4_12_WITH_PRODUCTION_CHUNKS_01_TO_15/20_Build_Chunks_01_to_17/15_AIDRPG_Build_Chunk_15_ContextBuilder_CardSyncLite_Migration_DirtyQueue_and_Cleanup_Integration_Plan.txt,flattened_from_previous_compile,23345,e4298ca459d881a147b37c101daf6c5c0125d4039057f4c6b7f442d31c71db04
Roadmaps/17_AIDRPG_Build_Chunk_17_Foundation_Code_Pass_1_Plan.txt,Roadmaps/Current Plans and Roadmaps/AIDRPG_Final_Build_Planning_Package_v1_4_12_WITH_PRODUCTION_CHUNKS_01_TO_15/20_Build_Chunks_01_to_17/17_AIDRPG_Build_Chunk_17_Foundation_Code_Pass_1_Plan.txt,flattened_from_previous_compile,22594,0fc5369a752aee9a80e3ae70a097478f5d886f347fee1bc4cd94fd9e044a3083
Roadmaps/00_README_MASTER_PACKAGE.txt,Roadmaps/Current Plans and Roadmaps/AIDRPG_Final_Build_Planning_Package_v1_4_12_WITH_PRODUCTION_CHUNKS_01_TO_15/40_Previous_Master_Package_v1_3_ROADMAP_GAP_ALIGNED_EXTRACTED/00_Original_v1_1_Master_Notes/00_README_MASTER_PACKAGE.txt,flattened_from_previous_compile,1293,23325700a549b127441994824c4c9468a624f05e81fda3956ed9d68b1d747449
Roadmaps/00_README_MASTER_PACKAGE_v1_2.txt,Roadmaps/Current Plans and Roadmaps/AIDRPG_Final_Build_Planning_Package_v1_4_12_WITH_PRODUCTION_CHUNKS_01_TO_15/40_Previous_Master_Package_v1_3_ROADMAP_GAP_ALIGNED_EXTRACTED/00_README_MASTER_PACKAGE_v1_2.txt,flattened_from_previous_compile,1073,4ac282d555002720747c215f5b86453c92fd8f035ddaeb9aa18c18b9d25fb076
Roadmaps/00_README_MASTER_PACKAGE_v1_3.txt,Roadmaps/Current Plans and Roadmaps/AIDRPG_Final_Build_Planning_Package_v1_4_12_WITH_PRODUCTION_CHUNKS_01_TO_15/40_Previous_Master_Package_v1_3_ROADMAP_GAP_ALIGNED_EXTRACTED/00_README_MASTER_PACKAGE_v1_3.txt,flattened_from_previous_compile,855,972d2ef1b70648ce452470e6e18083b6ebe103befc1f59433983fee0429fca44
Roadmaps/00_README_REPAIRED_PACKAGE.txt,Roadmaps/Current Plans and Roadmaps/AIDRPG_Final_Build_Planning_Package_v1_4_12_WITH_PRODUCTION_CHUNKS_01_TO_15/40_Previous_Master_Package_v1_3_ROADMAP_GAP_ALIGNED_EXTRACTED/01_Repaired_Design_Bible_33_Chunks/00_README_REPAIRED_PACKAGE.txt,flattened_from_previous_compile,1175,bd9969e6230842bca9a03a8e3885aecefe1341ba3b031e97d04b3f6ad55481e6
Roadmaps/AIDRPG_Design_Bible_Chunk_02_State_Ownership_and_Data_Boundaries.txt,Roadmaps/Current Plans and Roadmaps/AIDRPG_Final_Build_Planning_Package_v1_4_12_WITH_PRODUCTION_CHUNKS_01_TO_15/40_Previous_Master_Package_v1_3_ROADMAP_GAP_ALIGNED_EXTRACTED/01_Repaired_Design_Bible_33_Chunks/AIDRPG_Design_Bible_Chunk_02_State_Ownership_and_Data_Boundaries.txt,flattened_from_previous_compile,37923,17b2573e75710b64c420a482aa55c61da43ec848af91c0f5dbd5d6c316c90ce6
Roadmaps/AIDRPG_Design_Bible_Chunk_03_Event_Taxonomy_and_Validation_Outcomes.txt,Roadmaps/Current Plans and Roadmaps/AIDRPG_Final_Build_Planning_Package_v1_4_12_WITH_PRODUCTION_CHUNKS_01_TO_15/40_Previous_Master_Package_v1_3_ROADMAP_GAP_ALIGNED_EXTRACTED/01_Repaired_Design_Bible_33_Chunks/AIDRPG_Design_Bible_Chunk_03_Event_Taxonomy_and_Validation_Outcomes.txt,flattened_from_previous_compile,46358,c13ca72adae1f8b33fc29bdb3f6807c451310df7e14f75f525b9b22ce526dd98
Roadmaps/AIDRPG_Design_Bible_Chunk_04_Progression_Leveling_and_XP_Economy.txt,Roadmaps/Current Plans and Roadmaps/AIDRPG_Final_Build_Planning_Package_v1_4_12_WITH_PRODUCTION_CHUNKS_01_TO_15/40_Previous_Master_Package_v1_3_ROADMAP_GAP_ALIGNED_EXTRACTED/01_Repaired_Design_Bible_33_Chunks/AIDRPG_Design_Bible_Chunk_04_Progression_Leveling_and_XP_Economy.txt,flattened_from_previous_compile,38778,4e9abd369508323b29cbccf4640ce883a7fe63c7f2441612c0dea6564e85bd72
Roadmaps/AIDRPG_Design_Bible_Chunk_05_Stats_Resources_Recovery_and_Scaling_Basics.txt,Roadmaps/Current Plans and Roadmaps/AIDRPG_Final_Build_Planning_Package_v1_4_12_WITH_PRODUCTION_CHUNKS_01_TO_15/40_Previous_Master_Package_v1_3_ROADMAP_GAP_ALIGNED_EXTRACTED/01_Repaired_Design_Bible_33_Chunks/AIDRPG_Design_Bible_Chunk_05_Stats_Resources_Recovery_and_Scaling_Basics.txt,flattened_from_previous_compile,38937,6dda4ba3f558ac3a2cfbe95ceec0c77710e040fe4ec510b901fb0e8d8f581b52
Roadmaps/AIDRPG_Design_Bible_Chunk_06_Ability_Skill_Talent_Passive_and_Specialization_Lifecycle.txt,Roadmaps/Current Plans and Roadmaps/AIDRPG_Final_Build_Planning_Package_v1_4_12_WITH_PRODUCTION_CHUNKS_01_TO_15/40_Previous_Master_Package_v1_3_ROADMAP_GAP_ALIGNED_EXTRACTED/01_Repaired_Design_Bible_33_Chunks/AIDRPG_Design_Bible_Chunk_06_Ability_Skill_Talent_Passive_and_Specialization_Lifecycle.txt,flattened_from_previous_compile,41077,98b0f0de34f4c790fad88856d6ba5fe34c0c15756983bca45bbaab3d3c4efeb7
Roadmaps/AIDRPG_Design_Bible_Chunk_08_Group_Combat_Party_Followers_Summons_and_Scale.txt,Roadmaps/Current Plans and Roadmaps/AIDRPG_Final_Build_Planning_Package_v1_4_12_WITH_PRODUCTION_CHUNKS_01_TO_15/40_Previous_Master_Package_v1_3_ROADMAP_GAP_ALIGNED_EXTRACTED/01_Repaired_Design_Bible_33_Chunks/AIDRPG_Design_Bible_Chunk_08_Group_Combat_Party_Followers_Summons_and_Scale.txt,flattened_from_previous_compile,35513,59805873e098e6b3382c5adca438c85dfc61c9659a827931f558f6a50b54f461
Roadmaps/AIDRPG_Design_Bible_Chunk_09_Inventory_Equipment_Ownership_Custody_Economy_and_Transactio.txt,Roadmaps/Current Plans and Roadmaps/AIDRPG_Final_Build_Planning_Package_v1_4_12_WITH_PRODUCTION_CHUNKS_01_TO_15/40_Previous_Master_Package_v1_3_ROADMAP_GAP_ALIGNED_EXTRACTED/01_Repaired_Design_Bible_33_Chunks/AIDRPG_Design_Bible_Chunk_09_Inventory_Equipment_Ownership_Custody_Economy_and_Transactio.txt,flattened_from_previous_compile,39588,a7ca882b48eb2df6b75ad6937b296172a260195bcb4ce5cc54ff08a15cf6d7e2
Roadmaps/AIDRPG_Design_Bible_Chunk_10_Crafting_Materials_Recipes_Quality_Repair_and_Workflows.txt,Roadmaps/Current Plans and Roadmaps/AIDRPG_Final_Build_Planning_Package_v1_4_12_WITH_PRODUCTION_CHUNKS_01_TO_15/40_Previous_Master_Package_v1_3_ROADMAP_GAP_ALIGNED_EXTRACTED/01_Repaired_Design_Bible_33_Chunks/AIDRPG_Design_Bible_Chunk_10_Crafting_Materials_Recipes_Quality_Repair_and_Workflows.txt,flattened_from_previous_compile,39947,284e06724afbb706f47e6fc4b1707d3b3f12bf26be57bd039775402ff5e44253
Roadmaps/AIDRPG_Design_Bible_Chunk_11_Quests_Contracts_Labor_Domain_Projects_and_Objectives.txt,Roadmaps/Current Plans and Roadmaps/AIDRPG_Final_Build_Planning_Package_v1_4_12_WITH_PRODUCTION_CHUNKS_01_TO_15/40_Previous_Master_Package_v1_3_ROADMAP_GAP_ALIGNED_EXTRACTED/01_Repaired_Design_Bible_33_Chunks/AIDRPG_Design_Bible_Chunk_11_Quests_Contracts_Labor_Domain_Projects_and_Objectives.txt,flattened_from_previous_compile,39805,cb62482b459c9c00f235a15855e35dea61b6576034b08b2fe23d57d5c4add628
Roadmaps/AIDRPG_Design_Bible_Chunk_12_Investigation_Clues_Evidence_Witnesses_and_Reputation.txt,Roadmaps/Current Plans and Roadmaps/AIDRPG_Final_Build_Planning_Package_v1_4_12_WITH_PRODUCTION_CHUNKS_01_TO_15/40_Previous_Master_Package_v1_3_ROADMAP_GAP_ALIGNED_EXTRACTED/01_Repaired_Design_Bible_33_Chunks/AIDRPG_Design_Bible_Chunk_12_Investigation_Clues_Evidence_Witnesses_and_Reputation.txt,flattened_from_previous_compile,38123,77cdd18530ec4a16f6f8eb671ed1cf75cd1e82650f9d5fbb9a369d34929cbaa4
Roadmaps/AIDRPG_Design_Bible_Chunk_13_Actor_Memory_Place_Memory_Factions_Routes_and_World_Entities.txt,Roadmaps/Current Plans and Roadmaps/AIDRPG_Final_Build_Planning_Package_v1_4_12_WITH_PRODUCTION_CHUNKS_01_TO_15/40_Previous_Master_Package_v1_3_ROADMAP_GAP_ALIGNED_EXTRACTED/01_Repaired_Design_Bible_33_Chunks/AIDRPG_Design_Bible_Chunk_13_Actor_Memory_Place_Memory_Factions_Routes_and_World_Entities.txt,flattened_from_previous_compile,45101,99650c068ea63e79193def09fc24dbe13b84d6d2adba6d7c4b03c0524af94669
Roadmaps/AIDRPG_Design_Bible_Chunk_14_Time_Travel_Scene_State_Weather_Deadlines_and_Recovery_Ticks.txt,Roadmaps/Current Plans and Roadmaps/AIDRPG_Final_Build_Planning_Package_v1_4_12_WITH_PRODUCTION_CHUNKS_01_TO_15/40_Previous_Master_Package_v1_3_ROADMAP_GAP_ALIGNED_EXTRACTED/01_Repaired_Design_Bible_33_Chunks/AIDRPG_Design_Bible_Chunk_14_Time_Travel_Scene_State_Weather_Deadlines_and_Recovery_Ticks.txt,flattened_from_previous_compile,44660,b1a69d5d888adf99ffe1ca1746daaf6f2047d502a8030ec75118e4d51247cc65
Roadmaps/AIDRPG_Design_Bible_Chunk_16_System_Safeguards_OperationLedger_Quarantine_Cleanup_Migrati.txt,Roadmaps/Current Plans and Roadmaps/AIDRPG_Final_Build_Planning_Package_v1_4_12_WITH_PRODUCTION_CHUNKS_01_TO_15/40_Previous_Master_Package_v1_3_ROADMAP_GAP_ALIGNED_EXTRACTED/01_Repaired_Design_Bible_33_Chunks/AIDRPG_Design_Bible_Chunk_16_System_Safeguards_OperationLedger_Quarantine_Cleanup_Migrati.txt,flattened_from_previous_compile,45186,17ab2222f0e88e2b39534a3a5558dc0f27829486a029c7311c5a38b22b1af8b7
Roadmaps/AIDRPG_Design_Bible_Chunk_18_Final_Integration_Build_Readiness_MVP_Scope_and_Definition_o.txt,Roadmaps/Current Plans and Roadmaps/AIDRPG_Final_Build_Planning_Package_v1_4_12_WITH_PRODUCTION_CHUNKS_01_TO_15/40_Previous_Master_Package_v1_3_ROADMAP_GAP_ALIGNED_EXTRACTED/01_Repaired_Design_Bible_33_Chunks/AIDRPG_Design_Bible_Chunk_18_Final_Integration_Build_Readiness_MVP_Scope_and_Definition_o.txt,flattened_from_previous_compile,34404,98a6ce4a0ca845180bebf1c12faf8ba4555140cd5a7a65f168be64c5bc9544d3
Roadmaps/AIDRPG_Design_Bible_Chunk_20_Race_Species_Body_Type_Origin_Scaling_and_Non_Human_Stat_Log.txt,Roadmaps/Current Plans and Roadmaps/AIDRPG_Final_Build_Planning_Package_v1_4_12_WITH_PRODUCTION_CHUNKS_01_TO_15/40_Previous_Master_Package_v1_3_ROADMAP_GAP_ALIGNED_EXTRACTED/01_Repaired_Design_Bible_33_Chunks/AIDRPG_Design_Bible_Chunk_20_Race_Species_Body_Type_Origin_Scaling_and_Non_Human_Stat_Log.txt,flattened_from_previous_compile,59736,242eb238b9475971d19547a2580d0f3b35fb231011dabe4a1fd7bbb9f31805b7
Roadmaps/AIDRPG_Design_Bible_Chunk_21_Core_Stat_Formulas_Resource_Formulas_Growth_Rates_and_Build_.txt,Roadmaps/Current Plans and Roadmaps/AIDRPG_Final_Build_Planning_Package_v1_4_12_WITH_PRODUCTION_CHUNKS_01_TO_15/40_Previous_Master_Package_v1_3_ROADMAP_GAP_ALIGNED_EXTRACTED/01_Repaired_Design_Bible_33_Chunks/AIDRPG_Design_Bible_Chunk_21_Core_Stat_Formulas_Resource_Formulas_Growth_Rates_and_Build_.txt,flattened_from_previous_compile,49223,7d2f8699d33f3172e520d90de3113a4a1c7e62d5def86d0677474c44d4b6562d
Roadmaps/AIDRPG_Design_Bible_Chunk_22_XP_Curves_Level_Up_Rules_Stat_Training_XP_Domain_XP_Ability_.txt,Roadmaps/Current Plans and Roadmaps/AIDRPG_Final_Build_Planning_Package_v1_4_12_WITH_PRODUCTION_CHUNKS_01_TO_15/40_Previous_Master_Package_v1_3_ROADMAP_GAP_ALIGNED_EXTRACTED/01_Repaired_Design_Bible_33_Chunks/AIDRPG_Design_Bible_Chunk_22_XP_Curves_Level_Up_Rules_Stat_Training_XP_Domain_XP_Ability_.txt,flattened_from_previous_compile,45541,c8a9d8daed8251b006a010f20f3914fa19b8b3b095ff991c4046e98e27ba1c4a
Roadmaps/AIDRPG_Design_Bible_Chunk_24_Combat_Math_Damage_Severity_Defense_Resources_Matchup_Resolu.txt,Roadmaps/Current Plans and Roadmaps/AIDRPG_Final_Build_Planning_Package_v1_4_12_WITH_PRODUCTION_CHUNKS_01_TO_15/40_Previous_Master_Package_v1_3_ROADMAP_GAP_ALIGNED_EXTRACTED/01_Repaired_Design_Bible_33_Chunks/AIDRPG_Design_Bible_Chunk_24_Combat_Math_Damage_Severity_Defense_Resources_Matchup_Resolu.txt,flattened_from_previous_compile,48827,66a1296477564717ee5f6f86f8727a53fe6ad2c73f742b747780f660f42e84f9
Roadmaps/AIDRPG_Design_Bible_Chunk_25_Ability_Cost_Calculator_Skill_Passive_Talent_Templates_Scali.txt,Roadmaps/Current Plans and Roadmaps/AIDRPG_Final_Build_Planning_Package_v1_4_12_WITH_PRODUCTION_CHUNKS_01_TO_15/40_Previous_Master_Package_v1_3_ROADMAP_GAP_ALIGNED_EXTRACTED/01_Repaired_Design_Bible_33_Chunks/AIDRPG_Design_Bible_Chunk_25_Ability_Cost_Calculator_Skill_Passive_Talent_Templates_Scali.txt,flattened_from_previous_compile,54818,294b9008004c3e6818bc1dcfd53685db39e5e0f356229a1e21560d88bf8e0774
Roadmaps/AIDRPG_Design_Bible_Chunk_26_Stat_Absorption_Copy_Abilities_Devour_Growth_Adaptation_Evol.txt,Roadmaps/Current Plans and Roadmaps/AIDRPG_Final_Build_Planning_Package_v1_4_12_WITH_PRODUCTION_CHUNKS_01_TO_15/40_Previous_Master_Package_v1_3_ROADMAP_GAP_ALIGNED_EXTRACTED/01_Repaired_Design_Bible_33_Chunks/AIDRPG_Design_Bible_Chunk_26_Stat_Absorption_Copy_Abilities_Devour_Growth_Adaptation_Evol.txt,flattened_from_previous_compile,57355,0830a8ff2e6ceb5c819766c9dea8ee43758aed7b3a09aff51169895d14dffa18
Roadmaps/AIDRPG_Design_Bible_Chunk_27_Crafting_Exact_Specification_Recipe_Templates_Material_Table.txt,Roadmaps/Current Plans and Roadmaps/AIDRPG_Final_Build_Planning_Package_v1_4_12_WITH_PRODUCTION_CHUNKS_01_TO_15/40_Previous_Master_Package_v1_3_ROADMAP_GAP_ALIGNED_EXTRACTED/01_Repaired_Design_Bible_33_Chunks/AIDRPG_Design_Bible_Chunk_27_Crafting_Exact_Specification_Recipe_Templates_Material_Table.txt,flattened_from_previous_compile,52253,59aee47e6334d1bb0af896946c3f01e0fc39c7ac3dcafd36d62b9d163a887516
Roadmaps/AIDRPG_Design_Bible_Chunk_28_Economy_Prices_Wages_Domain_Costs_Labor_Output_Project_Scali.txt,Roadmaps/Current Plans and Roadmaps/AIDRPG_Final_Build_Planning_Package_v1_4_12_WITH_PRODUCTION_CHUNKS_01_TO_15/40_Previous_Master_Package_v1_3_ROADMAP_GAP_ALIGNED_EXTRACTED/01_Repaired_Design_Bible_33_Chunks/AIDRPG_Design_Bible_Chunk_28_Economy_Prices_Wages_Domain_Costs_Labor_Output_Project_Scali.txt,flattened_from_previous_compile,55096,78e4a31dad59940b9a6de8bd0f2c6a4d798fd98c77c4e7bf58b32c4de5612459
Roadmaps/AIDRPG_Design_Bible_Chunk_29_Quest_System_Quest_Lifecycle_Contracts_Deadlines_Rewards_Obj.txt,Roadmaps/Current Plans and Roadmaps/AIDRPG_Final_Build_Planning_Package_v1_4_12_WITH_PRODUCTION_CHUNKS_01_TO_15/40_Previous_Master_Package_v1_3_ROADMAP_GAP_ALIGNED_EXTRACTED/01_Repaired_Design_Bible_33_Chunks/AIDRPG_Design_Bible_Chunk_29_Quest_System_Quest_Lifecycle_Contracts_Deadlines_Rewards_Obj.txt,flattened_from_previous_compile,50833,43c1b91bfeec0f18451af3ac0519d59ed191ba48e1c64e39ddfd9d3c5f1dd5fe
Roadmaps/AIDRPG_Design_Bible_Chunk_30_Investigation_Cases_Clues_Evidence_Rumors_Witness_Knowledge_.txt,Roadmaps/Current Plans and Roadmaps/AIDRPG_Final_Build_Planning_Package_v1_4_12_WITH_PRODUCTION_CHUNKS_01_TO_15/40_Previous_Master_Package_v1_3_ROADMAP_GAP_ALIGNED_EXTRACTED/01_Repaired_Design_Bible_33_Chunks/AIDRPG_Design_Bible_Chunk_30_Investigation_Cases_Clues_Evidence_Rumors_Witness_Knowledge_.txt,flattened_from_previous_compile,49964,ada173841840e7d4464fd359ec1549ef7499ac32e2cc333fea54e88066029737
Roadmaps/AIDRPG_Design_Bible_Chunk_31_Named_Actors_NPC_Importance_Actor_Memory_Relationships_Reput.txt,Roadmaps/Current Plans and Roadmaps/AIDRPG_Final_Build_Planning_Package_v1_4_12_WITH_PRODUCTION_CHUNKS_01_TO_15/40_Previous_Master_Package_v1_3_ROADMAP_GAP_ALIGNED_EXTRACTED/01_Repaired_Design_Bible_33_Chunks/AIDRPG_Design_Bible_Chunk_31_Named_Actors_NPC_Importance_Actor_Memory_Relationships_Reput.txt,flattened_from_previous_compile,57917,c195214ac16b65a40b91af1a395da1bd51b744d69bef576f4b620676f7cda986
Roadmaps/AIDRPG_Design_Bible_Chunk_33_Final_Pre_Build_Lockdown_and_Implementation_Contract.txt,Roadmaps/Current Plans and Roadmaps/AIDRPG_Final_Build_Planning_Package_v1_4_12_WITH_PRODUCTION_CHUNKS_01_TO_15/40_Previous_Master_Package_v1_3_ROADMAP_GAP_ALIGNED_EXTRACTED/01_Repaired_Design_Bible_33_Chunks/AIDRPG_Design_Bible_Chunk_33_Final_Pre_Build_Lockdown_and_Implementation_Contract.txt,flattened_from_previous_compile,39050,00c94ad89a297e611e95e5b94344292f6802d42378f303d2fabe6c4040a4a9b4
Roadmaps/AIDRPG_REPAIRED_MASTER_INDEX.txt,Roadmaps/Current Plans and Roadmaps/AIDRPG_Final_Build_Planning_Package_v1_4_12_WITH_PRODUCTION_CHUNKS_01_TO_15/40_Previous_Master_Package_v1_3_ROADMAP_GAP_ALIGNED_EXTRACTED/01_Repaired_Design_Bible_33_Chunks/AIDRPG_REPAIRED_MASTER_INDEX.txt,flattened_from_previous_compile,2360,908599f62cd58c5e91073ab823b391db428498a7c2d8c29cf42bb37cac1d2e42
Roadmaps/00_AIDRPG_Script_Build_Roadmap_v1.txt,Roadmaps/Current Plans and Roadmaps/AIDRPG_Final_Build_Planning_Package_v1_4_12_WITH_PRODUCTION_CHUNKS_01_TO_15/40_Previous_Master_Package_v1_3_ROADMAP_GAP_ALIGNED_EXTRACTED/03_Roadmap_and_Pre_Code_Gap_Closure/00_AIDRPG_Script_Build_Roadmap_v1.txt,flattened_from_previous_compile,13038,0cb256c4e43a4d4b7fb77e390c9431ad25169bc86a7b4a7577326643bfa7d126
Roadmaps/01_AIDRPG_Gap_Closure_Addendum_v1.txt,Roadmaps/Current Plans and Roadmaps/AIDRPG_Final_Build_Planning_Package_v1_4_12_WITH_PRODUCTION_CHUNKS_01_TO_15/40_Previous_Master_Package_v1_3_ROADMAP_GAP_ALIGNED_EXTRACTED/03_Roadmap_and_Pre_Code_Gap_Closure/01_AIDRPG_Gap_Closure_Addendum_v1.txt,flattened_from_previous_compile,40242,21b98f9cd5555b672012485a7a8eddbc997af50447a79a15f6ebff6a44c3257d
Roadmaps/03_AIDRPG_Gap_Chunk_B_Runtime_and_Hook_Contract_Spec.txt,Roadmaps/Current Plans and Roadmaps/AIDRPG_Final_Build_Planning_Package_v1_4_12_WITH_PRODUCTION_CHUNKS_01_TO_15/40_Previous_Master_Package_v1_3_ROADMAP_GAP_ALIGNED_EXTRACTED/03_Roadmap_and_Pre_Code_Gap_Closure/03_AIDRPG_Gap_Chunk_B_Runtime_and_Hook_Contract_Spec.txt,flattened_from_previous_compile,22530,7b7a3f3308c2bae3a70f82b9b2a92d77d17363dfc667227c79262cde4774c84b
Roadmaps/05_AIDRPG_Gap_Chunk_D_Parser_Rulebook_Resolver_and_Name_Trigger_Policy.txt,Roadmaps/Current Plans and Roadmaps/AIDRPG_Final_Build_Planning_Package_v1_4_12_WITH_PRODUCTION_CHUNKS_01_TO_15/40_Previous_Master_Package_v1_3_ROADMAP_GAP_ALIGNED_EXTRACTED/03_Roadmap_and_Pre_Code_Gap_Closure/05_AIDRPG_Gap_Chunk_D_Parser_Rulebook_Resolver_and_Name_Trigger_Policy.txt,flattened_from_previous_compile,37023,a5167bdf86992c786341e29976ddbba4f16e291a9a0b84ca4afe37325123a9c2
Roadmaps/06_AIDRPG_Gap_Chunk_E_Migration_ReleaseCheck_and_Command_Honesty_Spec.txt,Roadmaps/Current Plans and Roadmaps/AIDRPG_Final_Build_Planning_Package_v1_4_12_WITH_PRODUCTION_CHUNKS_01_TO_15/40_Previous_Master_Package_v1_3_ROADMAP_GAP_ALIGNED_EXTRACTED/03_Roadmap_and_Pre_Code_Gap_Closure/06_AIDRPG_Gap_Chunk_E_Migration_ReleaseCheck_and_Command_Honesty_Spec.txt,flattened_from_previous_compile,38125,b7745528b6dabc733f45a6cbdf3b0fb36a47a7459f866abfb6f318a2ae476c87
Roadmaps/07_AIDRPG_Gap_Chunk_F_Context_Dirty_Queue_Cleanup_and_Performance_Spec.txt,Roadmaps/Current Plans and Roadmaps/AIDRPG_Final_Build_Planning_Package_v1_4_12_WITH_PRODUCTION_CHUNKS_01_TO_15/40_Previous_Master_Package_v1_3_ROADMAP_GAP_ALIGNED_EXTRACTED/03_Roadmap_and_Pre_Code_Gap_Closure/07_AIDRPG_Gap_Chunk_F_Context_Dirty_Queue_Cleanup_and_Performance_Spec.txt,flattened_from_previous_compile,35269,8866f126f92b142115a85ad13ba82181e517e71039ba7de36705de534ea06ae1
Roadmaps/08_AIDRPG_Gap_Chunk_G_Startup_Identity_Drift_and_Natural_Confirmation_Spec.txt,Roadmaps/Current Plans and Roadmaps/AIDRPG_Final_Build_Planning_Package_v1_4_12_WITH_PRODUCTION_CHUNKS_01_TO_15/40_Previous_Master_Package_v1_3_ROADMAP_GAP_ALIGNED_EXTRACTED/03_Roadmap_and_Pre_Code_Gap_Closure/08_AIDRPG_Gap_Chunk_G_Startup_Identity_Drift_and_Natural_Confirmation_Spec.txt,flattened_from_previous_compile,16723,5d413ae2b60f6f5fb4bf8703f5a80a5e25490602adc237e9b8c8df284d4349a2
Roadmaps/09_AIDRPG_Pre_Code_Gap_Closure_Status.txt,Roadmaps/Current Plans and Roadmaps/AIDRPG_Final_Build_Planning_Package_v1_4_12_WITH_PRODUCTION_CHUNKS_01_TO_15/40_Previous_Master_Package_v1_3_ROADMAP_GAP_ALIGNED_EXTRACTED/03_Roadmap_and_Pre_Code_Gap_Closure/09_AIDRPG_Pre_Code_Gap_Closure_Status.txt,flattened_from_previous_compile,1239,d8ac8b6b0604b41ed6498fb445a40a20aeb11cb01c64484027fdb409f0a6cf94
Roadmaps/00_AIDRPG_Feature_Implementation_Wave_Map_v1.txt,Roadmaps/Current Plans and Roadmaps/AIDRPG_Final_Build_Planning_Package_v1_4_12_WITH_PRODUCTION_CHUNKS_01_TO_15/40_Production_Roadmap/00_AIDRPG_Feature_Implementation_Wave_Map_v1.txt,flattened_from_previous_compile,4318,ab61962cf4594069631ec4087f6902cf4599d39df766f55398bb6a3534b0e747
Roadmaps/00_AUTO_APPEND_POLICY_FOR_PRODUCTION_CHUNKS.txt,Roadmaps/Current Plans and Roadmaps/AIDRPG_Final_Build_Planning_Package_v1_4_12_WITH_PRODUCTION_CHUNKS_01_TO_15/40_Production_Roadmap/00_AUTO_APPEND_POLICY_FOR_PRODUCTION_CHUNKS.txt,flattened_from_previous_compile,1168,88e7f85751bf4231a8225789282d5f39267e7504d1e514043a383f7423077075
Roadmaps/02_AIDRPG_Production_Chunk_02_Command_Surface_and_Player_Setup_Expansion.txt,Roadmaps/Current Plans and Roadmaps/AIDRPG_Final_Build_Planning_Package_v1_4_12_WITH_PRODUCTION_CHUNKS_01_TO_15/40_Production_Roadmap/02_AIDRPG_Production_Chunk_02_Command_Surface_and_Player_Setup_Expansion.txt,flattened_from_previous_compile,8743,3dae60d1449234a437f52f8ce6c02231b795665811b03a6fe9cb76c8740248da
Roadmaps/03_AIDRPG_Production_Chunk_03_State_Schema_Deepening_for_Full_System_Readiness.txt,Roadmaps/Current Plans and Roadmaps/AIDRPG_Final_Build_Planning_Package_v1_4_12_WITH_PRODUCTION_CHUNKS_01_TO_15/40_Production_Roadmap/03_AIDRPG_Production_Chunk_03_State_Schema_Deepening_for_Full_System_Readiness.txt,flattened_from_previous_compile,10258,dc005e6c233828df6c366057ffa740325c9ebfb021397af99131205f1eea9261
Roadmaps/04_AIDRPG_Production_Chunk_04_Player_Identity_Body_Logic_and_Status_Depth.txt,Roadmaps/Current Plans and Roadmaps/AIDRPG_Final_Build_Planning_Package_v1_4_12_WITH_PRODUCTION_CHUNKS_01_TO_15/40_Production_Roadmap/04_AIDRPG_Production_Chunk_04_Player_Identity_Body_Logic_and_Status_Depth.txt,flattened_from_previous_compile,11932,81fd3cd2b329a4e757faaf547f539d695efaf7ac40dfe5a8585c530922798007
Roadmaps/05_AIDRPG_Production_Chunk_05_Inventory_Equipment_Scene_Items_and_Custody_Depth.txt,Roadmaps/Current Plans and Roadmaps/AIDRPG_Final_Build_Planning_Package_v1_4_12_WITH_PRODUCTION_CHUNKS_01_TO_15/40_Production_Roadmap/05_AIDRPG_Production_Chunk_05_Inventory_Equipment_Scene_Items_and_Custody_Depth.txt,flattened_from_previous_compile,13710,0d100da93364dad855f9cc0456cbbd8d883113f9c7f1a2ddb81223b28b07c399
Roadmaps/06_AIDRPG_Production_Chunk_06_Ability_Candidate_Training_Use_Failure_and_Stability_Depth.txt,Roadmaps/Current Plans and Roadmaps/AIDRPG_Final_Build_Planning_Package_v1_4_12_WITH_PRODUCTION_CHUNKS_01_TO_15/40_Production_Roadmap/06_AIDRPG_Production_Chunk_06_Ability_Candidate_Training_Use_Failure_and_Stability_Depth.txt,flattened_from_previous_compile,28038,19605547c1eae38d4d250f0c099eb8d2390764f48757fdc394a13d60321e4b7e
Roadmaps/07_AIDRPG_Production_Chunk_07_Quest_Objective_Reward_and_Promise_Payment_Depth.txt,Roadmaps/Current Plans and Roadmaps/AIDRPG_Final_Build_Planning_Package_v1_4_12_WITH_PRODUCTION_CHUNKS_01_TO_15/40_Production_Roadmap/07_AIDRPG_Production_Chunk_07_Quest_Objective_Reward_and_Promise_Payment_Depth.txt,flattened_from_previous_compile,40536,ab7d0679da02876b6f555ed402ba0b4585277ce4bab3c8d7b8b80b88c1d2ce02
Roadmaps/08_AIDRPG_Production_Chunk_08_Actor_Presence_Social_Memory_Witnessing_and_Relationship_Depth.txt,Roadmaps/Current Plans and Roadmaps/AIDRPG_Final_Build_Planning_Package_v1_4_12_WITH_PRODUCTION_CHUNKS_01_TO_15/40_Production_Roadmap/08_AIDRPG_Production_Chunk_08_Actor_Presence_Social_Memory_Witnessing_and_Relationship_Depth.txt,flattened_from_previous_compile,27820,0fdd226debd7a78928ba930a79f172628ce8a8b3f8e977f8d47fcc69f1f93bc8
Roadmaps/09_AIDRPG_Production_Chunk_09_Place_Travel_Time_Scene_and_Deadline_Depth.txt,Roadmaps/Current Plans and Roadmaps/AIDRPG_Final_Build_Planning_Package_v1_4_12_WITH_PRODUCTION_CHUNKS_01_TO_15/40_Production_Roadmap/09_AIDRPG_Production_Chunk_09_Place_Travel_Time_Scene_and_Deadline_Depth.txt,flattened_from_previous_compile,39166,c0c2c6b0a5fc4b6b4d6f37acd2997a07b2259d51bf4d172c7915268746a2e4a0
Roadmaps/11_AIDRPG_Production_Chunk_11_Stats_Derived_Values_Conditions_and_Invariant_Checker.txt,Roadmaps/Current Plans and Roadmaps/AIDRPG_Final_Build_Planning_Package_v1_4_12_WITH_PRODUCTION_CHUNKS_01_TO_15/40_Production_Roadmap/11_AIDRPG_Production_Chunk_11_Stats_Derived_Values_Conditions_and_Invariant_Checker.txt,flattened_from_previous_compile,23078,a76ea91060b6ea6da92b353f6119145968f5d82e0fe9da398e3a4d458def1823
Roadmaps/12_AIDRPG_Production_Chunk_12_Combat_Event_Model_and_Damage_Healing_Dispute_Resolver.txt,Roadmaps/Current Plans and Roadmaps/AIDRPG_Final_Build_Planning_Package_v1_4_12_WITH_PRODUCTION_CHUNKS_01_TO_15/40_Production_Roadmap/12_AIDRPG_Production_Chunk_12_Combat_Event_Model_and_Damage_Healing_Dispute_Resolver.txt,flattened_from_previous_compile,39157,b8c6b30e76b725b3dffaddfd919f6a77c8b469db02203586b48eaa574240a3ed
Roadmaps/13_AIDRPG_Production_Chunk_13_Body_Form_Race_Logic_Transformation_Consequence_and_Non_Humanoid_Constraints.txt,Roadmaps/Current Plans and Roadmaps/AIDRPG_Final_Build_Planning_Package_v1_4_12_WITH_PRODUCTION_CHUNKS_01_TO_15/40_Production_Roadmap/13_AIDRPG_Production_Chunk_13_Body_Form_Race_Logic_Transformation_Consequence_and_Non_Humanoid_Constraints.txt,flattened_from_previous_compile,46317,f3c2b2129312e2f6bf3ca8dbf3d2c9fbbd20f62a8e392db7669e1cf0be9e60cb
Roadmaps/14_AIDRPG_Production_Chunk_14_Threat_Benchmark_Encounter_Logic_and_World_Scaling_Boundaries.txt,Roadmaps/Current Plans and Roadmaps/AIDRPG_Final_Build_Planning_Package_v1_4_12_WITH_PRODUCTION_CHUNKS_01_TO_15/40_Production_Roadmap/14_AIDRPG_Production_Chunk_14_Threat_Benchmark_Encounter_Logic_and_World_Scaling_Boundaries.txt,flattened_from_previous_compile,44503,79f1ab8876a1fb7c1fcfd48b51a26b5a243d31f94287d6379904ab4397f80d27
Roadmaps/99_AIDRPG_Production_Roadmap_and_Chunks_01_to_09_ALL_IN_ONE.txt,Roadmaps/Current Plans and Roadmaps/AIDRPG_Final_Build_Planning_Package_v1_4_12_WITH_PRODUCTION_CHUNKS_01_TO_15/40_Production_Roadmap/99_AIDRPG_Production_Roadmap_and_Chunks_01_to_09_ALL_IN_ONE.txt,flattened_from_previous_compile,195407,086d0f1157092dd6328bbee71fd843c1ced5995a3b717273d4e9dd105240d58e
Roadmaps/99_AIDRPG_Production_Roadmap_and_Chunks_01_to_10_ALL_IN_ONE.txt,Roadmaps/Current Plans and Roadmaps/AIDRPG_Final_Build_Planning_Package_v1_4_12_WITH_PRODUCTION_CHUNKS_01_TO_15/40_Production_Roadmap/99_AIDRPG_Production_Roadmap_and_Chunks_01_to_10_ALL_IN_ONE.txt,flattened_from_previous_compile,231270,bfa2059dae854c8106c66d208529a4586103bbd8a5a9e559cbaf9d2631bbe632
Roadmaps/99_AIDRPG_Production_Roadmap_and_Chunks_01_to_11_ALL_IN_ONE.txt,Roadmaps/Current Plans and Roadmaps/AIDRPG_Final_Build_Planning_Package_v1_4_12_WITH_PRODUCTION_CHUNKS_01_TO_15/40_Production_Roadmap/99_AIDRPG_Production_Roadmap_and_Chunks_01_to_11_ALL_IN_ONE.txt,flattened_from_previous_compile,252540,1b4416adc8ddc7daa275e6a5bac02e381e397827fcf2e1ed0e8f5ebed7a264ab
Roadmaps/99_AIDRPG_Production_Roadmap_and_Chunks_01_to_12_ALL_IN_ONE.txt,Roadmaps/Current Plans and Roadmaps/AIDRPG_Final_Build_Planning_Package_v1_4_12_WITH_PRODUCTION_CHUNKS_01_TO_15/40_Production_Roadmap/99_AIDRPG_Production_Roadmap_and_Chunks_01_to_12_ALL_IN_ONE.txt,flattened_from_previous_compile,293989,dac4163fca3d905ec95c1281e75e05cf98d8d042271e514b32e60c00d3ff4244
Roadmaps/99_AIDRPG_Production_Roadmap_and_Chunks_01_to_13_ALL_IN_ONE.txt,Roadmaps/Current Plans and Roadmaps/AIDRPG_Final_Build_Planning_Package_v1_4_12_WITH_PRODUCTION_CHUNKS_01_TO_15/40_Production_Roadmap/99_AIDRPG_Production_Roadmap_and_Chunks_01_to_13_ALL_IN_ONE.txt,flattened_from_previous_compile,339235,12ffe31114784e84601f66f88386f8103403ebc8a3edd006673b43225e7841b4
Roadmaps/99_AIDRPG_Production_Roadmap_and_Chunks_01_to_14_ALL_IN_ONE.txt,Roadmaps/Current Plans and Roadmaps/AIDRPG_Final_Build_Planning_Package_v1_4_12_WITH_PRODUCTION_CHUNKS_01_TO_15/40_Production_Roadmap/99_AIDRPG_Production_Roadmap_and_Chunks_01_to_14_ALL_IN_ONE.txt,flattened_from_previous_compile,383940,82108479aa8e6aabd502818d00ef674fc1072eee55d15489b183d8b6fda8ed23
Roadmaps/99_AIDRPG_Production_Roadmap_and_Chunks_01_to_15_ALL_IN_ONE.txt,Roadmaps/Current Plans and Roadmaps/AIDRPG_Final_Build_Planning_Package_v1_4_12_WITH_PRODUCTION_CHUNKS_01_TO_15/40_Production_Roadmap/99_AIDRPG_Production_Roadmap_and_Chunks_01_to_15_ALL_IN_ONE.txt,flattened_from_previous_compile,416283,93357b100ec7083d8665d6f8ad164e8cf9a1b6dc8118dba213dc50698b36f128
Roadmaps/manifest_v1_4_4.csv,Roadmaps/Current Plans and Roadmaps/AIDRPG_Final_Build_Planning_Package_v1_4_12_WITH_PRODUCTION_CHUNKS_01_TO_15/manifest_v1_4_4.csv,flattened_from_previous_compile,22219,ae2f5527e9c3ca9bbcf3b111d598babca164808230cdc2df92411b24b13d4725
Roadmaps/manifest_v1_4_4.json,Roadmaps/Current Plans and Roadmaps/AIDRPG_Final_Build_Planning_Package_v1_4_12_WITH_PRODUCTION_CHUNKS_01_TO_15/manifest_v1_4_4.json,flattened_from_previous_compile,27711,b25788f2a9332d885ed107876a7001260df020280f615242119b38baa2444df8
Roadmaps/Chunk Plan and Issue Avoidance(1)(2).txt,Roadmaps/Current Plans and Roadmaps/Chunk Plan and Issue Avoidance(1)(2).txt,flattened_from_previous_compile,24931,4e7584e1b09a174d380e9b3512ec7fc728d55c308a3cdc6fb7e62cd6b4b3b573
Roadmaps/Master Roadmap(4).txt,Roadmaps/Current Plans and Roadmaps/Master Roadmap(4).txt,flattened_from_previous_compile,90362,8e6133dca1484bb016f29285295f414fa92f1b489fda5c188231764bbb33eaaa
Roadmaps/00_FILE_MANIFEST_v1_4_13.csv,Roadmaps/Current Plans and Roadmaps/WorldLedger_CORE_FIRST_CURRENT_PLANNING_RESOURCE/00_FILE_MANIFEST_v1_4_13.csv,flattened_from_previous_compile,18943,963ac2a04a831b7a4b3808077f886b15e14c54b3bdede8500971874571eb859a
Roadmaps/00_FILE_MANIFEST_v1_4_13.json,Roadmaps/Current Plans and Roadmaps/WorldLedger_CORE_FIRST_CURRENT_PLANNING_RESOURCE/00_FILE_MANIFEST_v1_4_13.json,flattened_from_previous_compile,30907,0dcb109d8f5c739228ec94fe28abbca4cbcc91fc112256770da0ad164aa7e132
Roadmaps/00_FILE_MANIFEST_v1_4_14.csv,Roadmaps/Current Plans and Roadmaps/WorldLedger_CORE_FIRST_CURRENT_PLANNING_RESOURCE/00_FILE_MANIFEST_v1_4_14.csv,flattened_from_previous_compile,27192,c9990f5c2f79a388f8723ec87cf1a1c05874ec79429975857cdcb53071a982ae
Roadmaps/00_FILE_MANIFEST_v1_4_14.json,Roadmaps/Current Plans and Roadmaps/WorldLedger_CORE_FIRST_CURRENT_PLANNING_RESOURCE/00_FILE_MANIFEST_v1_4_14.json,flattened_from_previous_compile,37914,1b31a69b75a7aaa35a87836328f7a5673fe609ebefe491c0febb48f50d331158
Roadmaps/00_FILE_MANIFEST_v1_4_16.csv,Roadmaps/Current Plans and Roadmaps/WorldLedger_CORE_FIRST_CURRENT_PLANNING_RESOURCE/00_FILE_MANIFEST_v1_4_16.csv,flattened_from_previous_compile,28551,5ad558f49d8af8f059c7589ac41533b544eb918796fc7b50e947338ea93a1ece
Roadmaps/00_FILE_MANIFEST_v1_4_16.json,Roadmaps/Current Plans and Roadmaps/WorldLedger_CORE_FIRST_CURRENT_PLANNING_RESOURCE/00_FILE_MANIFEST_v1_4_16.json,flattened_from_previous_compile,38099,539f75fee02933031885116be3a150e3d2759fea5dd7d07488419e346dd25618
Roadmaps/00_FILE_MANIFEST_v1_4_17.csv,Roadmaps/Current Plans and Roadmaps/WorldLedger_CORE_FIRST_CURRENT_PLANNING_RESOURCE/00_FILE_MANIFEST_v1_4_17.csv,flattened_from_previous_compile,29208,c7c5799aa900d96e7caf3fb3d2b030fb5ac78ee5ba2e3c514f9b38703f7ee73c
Roadmaps/00_FILE_MANIFEST_v1_4_17.json,Roadmaps/Current Plans and Roadmaps/WorldLedger_CORE_FIRST_CURRENT_PLANNING_RESOURCE/00_FILE_MANIFEST_v1_4_17.json,flattened_from_previous_compile,39046,6a6d721d9d984002d58b37e2cfb8a82be5b495ce6a1ee67b14ad5d405dd8bf04
Roadmaps/00_FILE_MANIFEST_v1_4_18.csv,Roadmaps/Current Plans and Roadmaps/WorldLedger_CORE_FIRST_CURRENT_PLANNING_RESOURCE/00_FILE_MANIFEST_v1_4_18.csv,flattened_from_previous_compile,29930,ffa285d5f214adf682f4d013df1de8f37dcf697185cee00e0989868bf5fdcc0d
Roadmaps/00_FILE_MANIFEST_v1_4_18.json,Roadmaps/Current Plans and Roadmaps/WorldLedger_CORE_FIRST_CURRENT_PLANNING_RESOURCE/00_FILE_MANIFEST_v1_4_18.json,flattened_from_previous_compile,40178,452c96e99d50acb6188f11a8d056dc0e0f59a6be8ae3a6872103611a07bf769f
Roadmaps/00_FILE_MANIFEST_v1_4_23.csv,Roadmaps/Current Plans and Roadmaps/WorldLedger_CORE_FIRST_CURRENT_PLANNING_RESOURCE/00_FILE_MANIFEST_v1_4_23.csv,flattened_from_previous_compile,31565,dd66965f8b9f626c0bf53422df8cc20207659231f7b7c60f513abad66718f8b8
Roadmaps/00_FILE_MANIFEST_v1_4_23.json,Roadmaps/Current Plans and Roadmaps/WorldLedger_CORE_FIRST_CURRENT_PLANNING_RESOURCE/00_FILE_MANIFEST_v1_4_23.json,flattened_from_previous_compile,42389,b84fc9b8a8affe16ae0a9d03ae27ff46b02fe604c836c3f913c7a180c1c95b06
Roadmaps/CORE_CHANGE_HANDOFF.md,Roadmaps/Current Plans and Roadmaps/WorldLedger_CORE_FIRST_CURRENT_PLANNING_RESOURCE/00_START_HERE/CORE_CHANGE_HANDOFF.md,flattened_from_previous_compile,1659,948e81b023d9224f8d155f42616ea069444ecda06375f677dcd5de627054f0b8
Roadmaps/CURRENT_PLAN_INDEX.md,Roadmaps/Current Plans and Roadmaps/WorldLedger_CORE_FIRST_CURRENT_PLANNING_RESOURCE/00_START_HERE/CURRENT_PLAN_INDEX.md,flattened_from_previous_compile,7600,669f5a982a67c4b8d5a82e2cac87f21b57cfd8b1a2866d151138dc5804413d39
Roadmaps/99_AIDRPG_Production_Roadmap_and_Chunks_01_to_16_ALL_IN_ONE.txt,Roadmaps/Current Plans and Roadmaps/WorldLedger_CORE_FIRST_CURRENT_PLANNING_RESOURCE/03_CURRENT_PLANS_AND_SEQUENCE/AIDRPG_Final_Build_Planning_Package_v1_4_23_REPAIRED_FINAL_WITH_PRODUCTION_CHUNKS_01_TO_25/40_Production_Roadmap/99_AIDRPG_Production_Roadmap_and_Chunks_01_to_16_ALL_IN_ONE.txt,flattened_from_previous_compile,446774,fe74e7678a87e5c646681c506fd8d1d3284051f8e62fed7dc00ee9fa62e4d236
Roadmaps/99_AIDRPG_Production_Roadmap_and_Chunks_01_to_17_ALL_IN_ONE.txt,Roadmaps/Current Plans and Roadmaps/WorldLedger_CORE_FIRST_CURRENT_PLANNING_RESOURCE/03_CURRENT_PLANS_AND_SEQUENCE/AIDRPG_Final_Build_Planning_Package_v1_4_23_REPAIRED_FINAL_WITH_PRODUCTION_CHUNKS_01_TO_25/40_Production_Roadmap/99_AIDRPG_Production_Roadmap_and_Chunks_01_to_17_ALL_IN_ONE.txt,flattened_from_previous_compile,496352,5e53115ed1cfa30c191baf89e78eaaff2f89f684eb890a122cfa59ec5305d5c0
Roadmaps/99_AIDRPG_Production_Roadmap_and_Chunks_01_to_18_ALL_IN_ONE.txt,Roadmaps/Current Plans and Roadmaps/WorldLedger_CORE_FIRST_CURRENT_PLANNING_RESOURCE/03_CURRENT_PLANS_AND_SEQUENCE/AIDRPG_Final_Build_Planning_Package_v1_4_23_REPAIRED_FINAL_WITH_PRODUCTION_CHUNKS_01_TO_25/40_Production_Roadmap/99_AIDRPG_Production_Roadmap_and_Chunks_01_to_18_ALL_IN_ONE.txt,flattened_from_previous_compile,551524,9c63710eac1a09b71f4e4a41d64313be3e8b2d93425018a9dc61945d2d96c32b
Roadmaps/99_AIDRPG_Production_Roadmap_and_Chunks_01_to_19_ALL_IN_ONE.txt,Roadmaps/Current Plans and Roadmaps/WorldLedger_CORE_FIRST_CURRENT_PLANNING_RESOURCE/03_CURRENT_PLANS_AND_SEQUENCE/AIDRPG_Final_Build_Planning_Package_v1_4_23_REPAIRED_FINAL_WITH_PRODUCTION_CHUNKS_01_TO_25/40_Production_Roadmap/99_AIDRPG_Production_Roadmap_and_Chunks_01_to_19_ALL_IN_ONE.txt,flattened_from_previous_compile,597103,67871bedb3fa06c569662bc548b37f9e1652ad7dbd4dad21efec8153d0d17471
Roadmaps/99_AIDRPG_Production_Roadmap_and_Chunks_01_to_20_ALL_IN_ONE.txt,Roadmaps/Current Plans and Roadmaps/WorldLedger_CORE_FIRST_CURRENT_PLANNING_RESOURCE/03_CURRENT_PLANS_AND_SEQUENCE/AIDRPG_Final_Build_Planning_Package_v1_4_23_REPAIRED_FINAL_WITH_PRODUCTION_CHUNKS_01_TO_25/40_Production_Roadmap/99_AIDRPG_Production_Roadmap_and_Chunks_01_to_20_ALL_IN_ONE.txt,flattened_from_previous_compile,648968,e33f3e83d256096b7bc4ed575561cad1b2ba7228a5b651b27049c9cc8689188f
Roadmaps/99_AIDRPG_Production_Roadmap_and_Chunks_01_to_21_ALL_IN_ONE.txt,Roadmaps/Current Plans and Roadmaps/WorldLedger_CORE_FIRST_CURRENT_PLANNING_RESOURCE/03_CURRENT_PLANS_AND_SEQUENCE/AIDRPG_Final_Build_Planning_Package_v1_4_23_REPAIRED_FINAL_WITH_PRODUCTION_CHUNKS_01_TO_25/40_Production_Roadmap/99_AIDRPG_Production_Roadmap_and_Chunks_01_to_21_ALL_IN_ONE.txt,flattened_from_previous_compile,704507,a3044d3a84aebd0cec2dc02ae06d7189c2eb47ccfaa4e16c34e90f9a9e6717bd
Roadmaps/99_AIDRPG_Production_Roadmap_and_Chunks_01_to_25_ALL_IN_ONE.txt,Roadmaps/Current Plans and Roadmaps/WorldLedger_CORE_FIRST_CURRENT_PLANNING_RESOURCE/03_CURRENT_PLANS_AND_SEQUENCE/AIDRPG_Final_Build_Planning_Package_v1_4_23_REPAIRED_FINAL_WITH_PRODUCTION_CHUNKS_01_TO_25/40_Production_Roadmap/99_AIDRPG_Production_Roadmap_and_Chunks_01_to_25_ALL_IN_ONE.txt,flattened_from_previous_compile,781709,9f3458f44c305acbd96924411c392fcc3a1d7d8c80eb17ea7aea4e0286c225bf
Roadmaps/WorldLedger_Final_Master_Roadmap_v9_4_REVISED.md,Roadmaps/Current Plans and Roadmaps/WorldLedger_CORE_FIRST_CURRENT_PLANNING_RESOURCE/03_CURRENT_PLANS_AND_SEQUENCE/WorldLedger_Final_Master_Roadmap_v9_4_REVISED.md,flattened_from_previous_compile,30970,e3e4441647da32e253f55dc3ac6e0c4f0a093878119fa40863a38ae2336933fa
Roadmaps/WorldLedger_Master_Roadmap_Salvage_Integration_Plan_v9_4.md,Roadmaps/Current Plans and Roadmaps/WorldLedger_CORE_FIRST_CURRENT_PLANNING_RESOURCE/03_CURRENT_PLANS_AND_SEQUENCE/WorldLedger_Master_Roadmap_Salvage_Integration_Plan_v9_4.md,flattened_from_previous_compile,31356,e14998221b70b91d16e31dd20798c66df41d0818a30e94fe557deed71241610c
Roadmaps/WorldLedger_Roadmap_Backlog_v9_4.json,Roadmaps/Current Plans and Roadmaps/WorldLedger_CORE_FIRST_CURRENT_PLANNING_RESOURCE/03_CURRENT_PLANS_AND_SEQUENCE/WorldLedger_Roadmap_Backlog_v9_4.json,flattened_from_previous_compile,15797,1b3759083b497f484dc5a59bd2714ec63f1c2f15525923d0660c2276f48ddb6a
Roadmaps/01_WorldLedgerV0.3.txt,Roadmaps/Current Plans and Roadmaps/WorldLedger_CORE_FIRST_CURRENT_PLANNING_RESOURCE/05_SALVAGE_REFERENCE_NOT_ACTIVE_BASE/WorldLedger_uploaded_files_package/01_WorldLedgerV0.3.txt,flattened_from_previous_compile,101847,7201045dd9ce7bdb917c7fb1c89ece14dbdc68198587ddae51ae949c6944cff0
Roadmaps/02_WorldLedgerV0.5.txt,Roadmaps/Current Plans and Roadmaps/WorldLedger_CORE_FIRST_CURRENT_PLANNING_RESOURCE/05_SALVAGE_REFERENCE_NOT_ACTIVE_BASE/WorldLedger_uploaded_files_package/02_WorldLedgerV0.5.txt,flattened_from_previous_compile,139959,1d522bd84cc5ba4ea24322ac943034fb8fff520b750e161737f131306f1c7dc8
Roadmaps/03_WorldLedgerV0.6.txt,Roadmaps/Current Plans and Roadmaps/WorldLedger_CORE_FIRST_CURRENT_PLANNING_RESOURCE/05_SALVAGE_REFERENCE_NOT_ACTIVE_BASE/WorldLedger_uploaded_files_package/03_WorldLedgerV0.6.txt,flattened_from_previous_compile,162316,f41bd20d6cb912cc42574dfca8d999e1620ad5ffc26d21e39c6d6e2f0aa0db7d
Roadmaps/04_WorldLedgerV0.7.txt,Roadmaps/Current Plans and Roadmaps/WorldLedger_CORE_FIRST_CURRENT_PLANNING_RESOURCE/05_SALVAGE_REFERENCE_NOT_ACTIVE_BASE/WorldLedger_uploaded_files_package/04_WorldLedgerV0.7.txt,flattened_from_previous_compile,183746,05dbea931487c5b8abbafa075ff7dea338a0fb4a2f9b06d7dbfba99984eb8e9c
Roadmaps/05_WorldLedgerV0.8.txt,Roadmaps/Current Plans and Roadmaps/WorldLedger_CORE_FIRST_CURRENT_PLANNING_RESOURCE/05_SALVAGE_REFERENCE_NOT_ACTIVE_BASE/WorldLedger_uploaded_files_package/05_WorldLedgerV0.8.txt,flattened_from_previous_compile,207347,93cab93330586e2d483f79422f341ad0974f94ab91d99755ea91d20e7f303248
Roadmaps/06_WorldLedgerV0.10.txt,Roadmaps/Current Plans and Roadmaps/WorldLedger_CORE_FIRST_CURRENT_PLANNING_RESOURCE/05_SALVAGE_REFERENCE_NOT_ACTIVE_BASE/WorldLedger_uploaded_files_package/06_WorldLedgerV0.10.txt,flattened_from_previous_compile,257776,474bced34028523472624ba88c1336fb0b99caa3794d30a6dba0c7beefc06bd2
Roadmaps/07_WorldLedgerV0.14.txt,Roadmaps/Current Plans and Roadmaps/WorldLedger_CORE_FIRST_CURRENT_PLANNING_RESOURCE/05_SALVAGE_REFERENCE_NOT_ACTIVE_BASE/WorldLedger_uploaded_files_package/07_WorldLedgerV0.14.txt,flattened_from_previous_compile,368919,bc6b8d35ce8b099d8f29d082e63dbb932cbfb862012ce3625100ea5e512e5cc5
Roadmaps/08_WorldLedgerV0.15.txt,Roadmaps/Current Plans and Roadmaps/WorldLedger_CORE_FIRST_CURRENT_PLANNING_RESOURCE/05_SALVAGE_REFERENCE_NOT_ACTIVE_BASE/WorldLedger_uploaded_files_package/08_WorldLedgerV0.15.txt,flattened_from_previous_compile,426374,6fd7001d1763a6d6aa2aca73a9871f5b0e2ab118743a844e70d83de4bcbdc053
Roadmaps/09_WorldLedgerV0.15.2.txt,Roadmaps/Current Plans and Roadmaps/WorldLedger_CORE_FIRST_CURRENT_PLANNING_RESOURCE/05_SALVAGE_REFERENCE_NOT_ACTIVE_BASE/WorldLedger_uploaded_files_package/09_WorldLedgerV0.15.2.txt,flattened_from_previous_compile,490512,a98554a82879c69c57f04a51a5bd3a3cf3460a8ca15181431ba53e312cc220f6
Roadmaps/10_WorldLedgerV0.15.3.txt,Roadmaps/Current Plans and Roadmaps/WorldLedger_CORE_FIRST_CURRENT_PLANNING_RESOURCE/05_SALVAGE_REFERENCE_NOT_ACTIVE_BASE/WorldLedger_uploaded_files_package/10_WorldLedgerV0.15.3.txt,flattened_from_previous_compile,499131,a750b4c99cc837b3444df76b6322ab4874ea3ef713abf245963710faaa71e55b
Roadmaps/11_WorldLedgerV0.17.txt,Roadmaps/Current Plans and Roadmaps/WorldLedger_CORE_FIRST_CURRENT_PLANNING_RESOURCE/05_SALVAGE_REFERENCE_NOT_ACTIVE_BASE/WorldLedger_uploaded_files_package/11_WorldLedgerV0.17.txt,flattened_from_previous_compile,565143,c176eedb1aa8241a6d1a7c40284e71607217b8ec0f77df6e69e1dcedb1bcfabe
Roadmaps/12_WorldLedgerV0.18.0.txt,Roadmaps/Current Plans and Roadmaps/WorldLedger_CORE_FIRST_CURRENT_PLANNING_RESOURCE/05_SALVAGE_REFERENCE_NOT_ACTIVE_BASE/WorldLedger_uploaded_files_package/12_WorldLedgerV0.18.0.txt,flattened_from_previous_compile,613558,20962e5f5dcdef5813b65c76216f3aa94c4f71d8f72482c1cb5dace2f41902b1
Roadmaps/13_WorldLedgerV0.18.1.txt,Roadmaps/Current Plans and Roadmaps/WorldLedger_CORE_FIRST_CURRENT_PLANNING_RESOURCE/05_SALVAGE_REFERENCE_NOT_ACTIVE_BASE/WorldLedger_uploaded_files_package/13_WorldLedgerV0.18.1.txt,flattened_from_previous_compile,657717,01a539b3d87982b26e0ed3c1b537db24d650968db3eb0a24b052343dec41fa6c
Roadmaps/14_WorldLedgerV0.18.4.txt,Roadmaps/Current Plans and Roadmaps/WorldLedger_CORE_FIRST_CURRENT_PLANNING_RESOURCE/05_SALVAGE_REFERENCE_NOT_ACTIVE_BASE/WorldLedger_uploaded_files_package/14_WorldLedgerV0.18.4.txt,flattened_from_previous_compile,862948,6bde68fbf8edf1b25b58bf3559a5f8f45ed89cb4d295f54043bb304e390c574a
Roadmaps/15_WorldLedgerV0.18.5_PC06_ability_depth.txt,Roadmaps/Current Plans and Roadmaps/WorldLedger_CORE_FIRST_CURRENT_PLANNING_RESOURCE/05_SALVAGE_REFERENCE_NOT_ACTIVE_BASE/WorldLedger_uploaded_files_package/15_WorldLedgerV0.18.5_PC06_ability_depth.txt,flattened_from_previous_compile,914264,33158802bb5d0951fd083564ec484c8a7b74680213df87b60fab32f394800524
Roadmaps/16_WorldLedgerV0.18.7.txt,Roadmaps/Current Plans and Roadmaps/WorldLedger_CORE_FIRST_CURRENT_PLANNING_RESOURCE/05_SALVAGE_REFERENCE_NOT_ACTIVE_BASE/WorldLedger_uploaded_files_package/16_WorldLedgerV0.18.7.txt,flattened_from_previous_compile,1060375,c1c27f33defd49e93f9897eded78a2d68f82053e7327390b90a59479ca32b993
Roadmaps/17_WorldLedgerV0.18.9.txt,Roadmaps/Current Plans and Roadmaps/WorldLedger_CORE_FIRST_CURRENT_PLANNING_RESOURCE/05_SALVAGE_REFERENCE_NOT_ACTIVE_BASE/WorldLedger_uploaded_files_package/17_WorldLedgerV0.18.9.txt,flattened_from_previous_compile,1177907,d99988270a3fc2cd1c9a4158ec1aefdfd94ff29e42e41a52bebc67156cfab33b
Roadmaps/18_WorldLedgerV0.18.10.txt,Roadmaps/Current Plans and Roadmaps/WorldLedger_CORE_FIRST_CURRENT_PLANNING_RESOURCE/05_SALVAGE_REFERENCE_NOT_ACTIVE_BASE/WorldLedger_uploaded_files_package/18_WorldLedgerV0.18.10.txt,flattened_from_previous_compile,1231562,cf3e72bc256c965e4a1f69d2c4e95cfe6a0617b3bcabe98b11c0b20128c914a6
Roadmaps/19_WorldLedgerV0.18.14.txt,Roadmaps/Current Plans and Roadmaps/WorldLedger_CORE_FIRST_CURRENT_PLANNING_RESOURCE/05_SALVAGE_REFERENCE_NOT_ACTIVE_BASE/WorldLedger_uploaded_files_package/19_WorldLedgerV0.18.14.txt,flattened_from_previous_compile,1504288,0f1ac00f5861cb021664739fc8636fbb068664f97fcdb0ebf5d67dc173ab4a51
Roadmaps/20_WorldLedgerV0.18.15.txt,Roadmaps/Current Plans and Roadmaps/WorldLedger_CORE_FIRST_CURRENT_PLANNING_RESOURCE/05_SALVAGE_REFERENCE_NOT_ACTIVE_BASE/WorldLedger_uploaded_files_package/20_WorldLedgerV0.18.15.txt,flattened_from_previous_compile,1570657,6660c45b04b42d579754f010f6219477b385472ea3eddb96c51f547bdb7bb0b1
Roadmaps/21_WorldLedgerV0.18.23.txt,Roadmaps/Current Plans and Roadmaps/WorldLedger_CORE_FIRST_CURRENT_PLANNING_RESOURCE/05_SALVAGE_REFERENCE_NOT_ACTIVE_BASE/WorldLedger_uploaded_files_package/21_WorldLedgerV0.18.23.txt,flattened_from_previous_compile,2135769,7838fd38cdb8cac464ced0da586c13cfc2251c62a49534c9e681b430b510f237
Roadmaps/22_WorldLedgerV0.18.24.txt,Roadmaps/Current Plans and Roadmaps/WorldLedger_CORE_FIRST_CURRENT_PLANNING_RESOURCE/05_SALVAGE_REFERENCE_NOT_ACTIVE_BASE/WorldLedger_uploaded_files_package/22_WorldLedgerV0.18.24.txt,flattened_from_previous_compile,2171078,fba004be2063fa43c1dfad64491ab99b97e0beb9a83bc90d4467c5e5a87a6308
Roadmaps/23_WorldLedgerV0.18.25.txt,Roadmaps/Current Plans and Roadmaps/WorldLedger_CORE_FIRST_CURRENT_PLANNING_RESOURCE/05_SALVAGE_REFERENCE_NOT_ACTIVE_BASE/WorldLedger_uploaded_files_package/23_WorldLedgerV0.18.25.txt,flattened_from_previous_compile,2218052,67f23f26e1c18582c7974c85afeefb1a7b504ff3d55c2040957d539cee157c10
Roadmaps/24_WorldLedgerV0.18.26_FINAL_PLAYABLE_CANDIDATE_DEWRAPPED.txt,Roadmaps/Current Plans and Roadmaps/WorldLedger_CORE_FIRST_CURRENT_PLANNING_RESOURCE/05_SALVAGE_REFERENCE_NOT_ACTIVE_BASE/WorldLedger_uploaded_files_package/24_WorldLedgerV0.18.26_FINAL_PLAYABLE_CANDIDATE_DEWRAPPED.txt,flattened_from_previous_compile,2232529,7eff22af56a422c01b36650dab837d6ca6e72f1c7da5f48166deb26b489a2408
Roadmaps/25_WorldLedgerV0.18.27_FINAL_PLAYABLE_SOURCE_RECONCILED.txt,Roadmaps/Current Plans and Roadmaps/WorldLedger_CORE_FIRST_CURRENT_PLANNING_RESOURCE/05_SALVAGE_REFERENCE_NOT_ACTIVE_BASE/WorldLedger_uploaded_files_package/25_WorldLedgerV0.18.27_FINAL_PLAYABLE_SOURCE_RECONCILED.txt,flattened_from_previous_compile,2234648,0049a9fb3cbeab0e9388ee267dabe84326f2cfbdf17c5aca14b79b440617fc3f
Roadmaps/26_WorldLedgerV0.18.28_FINAL_PLAYABLE_SOURCE_CLEANED.txt,Roadmaps/Current Plans and Roadmaps/WorldLedger_CORE_FIRST_CURRENT_PLANNING_RESOURCE/05_SALVAGE_REFERENCE_NOT_ACTIVE_BASE/WorldLedger_uploaded_files_package/26_WorldLedgerV0.18.28_FINAL_PLAYABLE_SOURCE_CLEANED.txt,flattened_from_previous_compile,2231291,e196dfe854030fc9b82d87f9569d4319f12545337b77f34f4d1626ff55cf0239
Roadmaps/WorldLedgerV1.1.0_CLEAN_CORE_RECONCILED_LIBRARY.txt,Roadmaps/Current Plans and Roadmaps/WorldLedger_CORE_FIRST_CURRENT_PLANNING_RESOURCE/05_SALVAGE_REFERENCE_NOT_ACTIVE_BASE/WorldLedgerV1.1.0_CLEAN_CORE_RECONCILED_LIBRARY.txt,flattened_from_previous_compile,2397543,aff105a78757c3c5dbe21e9496fc9b8af85bfb505f06e94a76f18fba60135776
Roadmaps/WorldLedgerV1.1.13.txt,Roadmaps/Current Plans and Roadmaps/WorldLedger_CORE_FIRST_CURRENT_PLANNING_RESOURCE/05_SALVAGE_REFERENCE_NOT_ACTIVE_BASE/WorldLedgerV1.1.13.txt,flattened_from_previous_compile,2961416,8e6a533a2f6321e441e6d8cd9d68fa9bb5cda04415b37c02de044d65cfb0c4ff
Roadmaps/WorldLedgerV1.1.19.txt,Roadmaps/Current Plans and Roadmaps/WorldLedger_CORE_FIRST_CURRENT_PLANNING_RESOURCE/05_SALVAGE_REFERENCE_NOT_ACTIVE_BASE/WorldLedgerV1.1.19.txt,flattened_from_previous_compile,3251085,14c95e5d790c542eac40c939a4c499ec8d8993de18cb480f489610250e4ab132
Roadmaps/WorldLedgerV1.1.1_CLEAN_CONSISTENCY_LIBRARY.txt,Roadmaps/Current Plans and Roadmaps/WorldLedger_CORE_FIRST_CURRENT_PLANNING_RESOURCE/05_SALVAGE_REFERENCE_NOT_ACTIVE_BASE/WorldLedgerV1.1.1_CLEAN_CONSISTENCY_LIBRARY.txt,flattened_from_previous_compile,2397726,180bcd618fed73df7b76ef421a53e915314307c1c949276b596ceaddf9dc6620
Roadmaps/WorldLedgerV1.1.2.txt,Roadmaps/Current Plans and Roadmaps/WorldLedger_CORE_FIRST_CURRENT_PLANNING_RESOURCE/05_SALVAGE_REFERENCE_NOT_ACTIVE_BASE/WorldLedgerV1.1.2.txt,flattened_from_previous_compile,2438697,98fb09d9848d6953fc9d229e9a726a60168028d787d4fa26e00f534c3575cf48
Roadmaps/WorldLedgerV1.1.4.txt,Roadmaps/Current Plans and Roadmaps/WorldLedger_CORE_FIRST_CURRENT_PLANNING_RESOURCE/05_SALVAGE_REFERENCE_NOT_ACTIVE_BASE/WorldLedgerV1.1.4.txt,flattened_from_previous_compile,2512647,77f2d73ed89cc1dfeee1566205b945606c7837f447f01b5813b286c8637d4750
Roadmaps/WorldLedgerV1.2.0.txt,Roadmaps/Current Plans and Roadmaps/WorldLedger_CORE_FIRST_CURRENT_PLANNING_RESOURCE/06_REJECTED_FAILURE_REFERENCE_DO_NOT_BASE/WorldLedgerV1.2.0.txt,flattened_from_previous_compile,3292779,dc54a72b2e48550edb99a2ee3ba734a17f31355ea084538e492ea1c1e222a684
Roadmaps/00_FINAL_RELEASE_CANDIDATE_HANDOFF_v1_4_23.txt,Roadmaps/Current Plans and Roadmaps/WorldLedger_CORE_FIRST_CURRENT_PLANNING_RESOURCE/08_SUPPORTING_PACKAGES_AND_EXTRACTED_ARCHIVES/AIDRPG_Final_Build_Planning_Package_v1_4_23_REPAIRED_FINAL_WITH_PRODUCTION_CHUNKS_01_TO_25/00_FINAL_RELEASE_CANDIDATE_HANDOFF_v1_4_23.txt,flattened_from_previous_compile,1081,f15aca1d76f627cbc177b13fc64fa7c7c9bc7484f88c52d4e56e9285ae54a11f
Roadmaps/00_PACKAGE_REPAIR_NOTE_v1_4_23.txt,Roadmaps/Current Plans and Roadmaps/WorldLedger_CORE_FIRST_CURRENT_PLANNING_RESOURCE/08_SUPPORTING_PACKAGES_AND_EXTRACTED_ARCHIVES/AIDRPG_Final_Build_Planning_Package_v1_4_23_REPAIRED_FINAL_WITH_PRODUCTION_CHUNKS_01_TO_25/00_PACKAGE_REPAIR_NOTE_v1_4_23.txt,flattened_from_previous_compile,922,7ad2d58ef2ea1b491d748dad08a95407133ddc7506eeee2ebd1f14e4fe476e74
Roadmaps/00_PACKAGE_UPDATE_v1_4_16.txt,Roadmaps/Current Plans and Roadmaps/WorldLedger_CORE_FIRST_CURRENT_PLANNING_RESOURCE/08_SUPPORTING_PACKAGES_AND_EXTRACTED_ARCHIVES/AIDRPG_Final_Build_Planning_Package_v1_4_23_REPAIRED_FINAL_WITH_PRODUCTION_CHUNKS_01_TO_25/00_PACKAGE_UPDATE_v1_4_16.txt,flattened_from_previous_compile,759,45c24fcb4884fb49ac3409753d0efad24e5d7fd18aa47091784d0d218580e564
Roadmaps/00_PACKAGE_UPDATE_v1_4_17.txt,Roadmaps/Current Plans and Roadmaps/WorldLedger_CORE_FIRST_CURRENT_PLANNING_RESOURCE/08_SUPPORTING_PACKAGES_AND_EXTRACTED_ARCHIVES/AIDRPG_Final_Build_Planning_Package_v1_4_23_REPAIRED_FINAL_WITH_PRODUCTION_CHUNKS_01_TO_25/00_PACKAGE_UPDATE_v1_4_17.txt,flattened_from_previous_compile,1013,32a5109f22d2bb9c874e74fdda8e05c21cd0343d606a913d2f6fd742aeff152d
Roadmaps/00_PACKAGE_UPDATE_v1_4_18.txt,Roadmaps/Current Plans and Roadmaps/WorldLedger_CORE_FIRST_CURRENT_PLANNING_RESOURCE/08_SUPPORTING_PACKAGES_AND_EXTRACTED_ARCHIVES/AIDRPG_Final_Build_Planning_Package_v1_4_23_REPAIRED_FINAL_WITH_PRODUCTION_CHUNKS_01_TO_25/00_PACKAGE_UPDATE_v1_4_18.txt,flattened_from_previous_compile,761,a22624789af6548abfaaf39b2ce63953cba0b5c0314120ca18c6a9a15f9cc8d4
Roadmaps/00_PACKAGE_UPDATE_v1_4_23.txt,Roadmaps/Current Plans and Roadmaps/WorldLedger_CORE_FIRST_CURRENT_PLANNING_RESOURCE/08_SUPPORTING_PACKAGES_AND_EXTRACTED_ARCHIVES/AIDRPG_Final_Build_Planning_Package_v1_4_23_REPAIRED_FINAL_WITH_PRODUCTION_CHUNKS_01_TO_25/00_PACKAGE_UPDATE_v1_4_23.txt,flattened_from_previous_compile,1163,ad114f79ac0b2e3d923757e9e3c281dd3511b2830966febef179fb53221dec34
Roadmaps/00_PACKAGE_UPDATE_v1_4_13.txt,Roadmaps/Current Plans and Roadmaps/WorldLedger_CORE_FIRST_CURRENT_PLANNING_RESOURCE/08_SUPPORTING_PACKAGES_AND_EXTRACTED_ARCHIVES/AIDRPG_Final_Build_Planning_Package_v1_4_23_REPAIRED_FINAL_WITH_PRODUCTION_CHUNKS_01_TO_25/40_Production_Roadmap/00_PACKAGE_UPDATE_v1_4_13.txt,flattened_from_previous_compile,624,bd95a2ffbcbf7bd4b8d91849a2b3995951af37d4ff0dd5dd49d65f8e0b8e9ec4
Roadmaps/00_PACKAGE_UPDATE_v1_4_14.txt,Roadmaps/Current Plans and Roadmaps/WorldLedger_CORE_FIRST_CURRENT_PLANNING_RESOURCE/08_SUPPORTING_PACKAGES_AND_EXTRACTED_ARCHIVES/AIDRPG_Final_Build_Planning_Package_v1_4_23_REPAIRED_FINAL_WITH_PRODUCTION_CHUNKS_01_TO_25/40_Production_Roadmap/00_PACKAGE_UPDATE_v1_4_14.txt,flattened_from_previous_compile,825,3289226d0136bfa60760e181d8a4a6c8541c7819d5ebd48b4faf8bb9898c2ce9
Roadmaps/00_PACKAGE_UPDATE_v1_4_15.txt,Roadmaps/Current Plans and Roadmaps/WorldLedger_CORE_FIRST_CURRENT_PLANNING_RESOURCE/08_SUPPORTING_PACKAGES_AND_EXTRACTED_ARCHIVES/AIDRPG_Final_Build_Planning_Package_v1_4_23_REPAIRED_FINAL_WITH_PRODUCTION_CHUNKS_01_TO_25/40_Production_Roadmap/00_PACKAGE_UPDATE_v1_4_15.txt,flattened_from_previous_compile,936,bdac911213cecb6571dd4a69698485a1ced9855befb13ca77450184ad6325cf4
Roadmaps/16_AIDRPG_Production_Chunk_16_Context_Builder_Budget_Memory_Priority_and_Card_Sync_Safety.txt,Roadmaps/Current Plans and Roadmaps/WorldLedger_CORE_FIRST_CURRENT_PLANNING_RESOURCE/08_SUPPORTING_PACKAGES_AND_EXTRACTED_ARCHIVES/AIDRPG_Final_Build_Planning_Package_v1_4_23_REPAIRED_FINAL_WITH_PRODUCTION_CHUNKS_01_TO_25/40_Production_Roadmap/16_AIDRPG_Production_Chunk_16_Context_Builder_Budget_Memory_Priority_and_Card_Sync_Safety.txt,flattened_from_previous_compile,31267,2098f359909c7ff0cd315ea93122edb90d776cb9537971cf579d51444e3a0fd8
Roadmaps/17_AIDRPG_Production_Chunk_17_Creature_Ecology_Species_Rules_and_Bestiary_Boundaries.txt,Roadmaps/Current Plans and Roadmaps/WorldLedger_CORE_FIRST_CURRENT_PLANNING_RESOURCE/08_SUPPORTING_PACKAGES_AND_EXTRACTED_ARCHIVES/AIDRPG_Final_Build_Planning_Package_v1_4_23_REPAIRED_FINAL_WITH_PRODUCTION_CHUNKS_01_TO_25/40_Production_Roadmap/17_AIDRPG_Production_Chunk_17_Creature_Ecology_Species_Rules_and_Bestiary_Boundaries.txt,flattened_from_previous_compile,54624,64c66a98054d3c1a8f4438a117010316dfb30fb3d78da1908f075102267dc93d
Roadmaps/18_AIDRPG_Production_Chunk_18_Economy_Shops_Trade_Debt_and_Service_Contracts.txt,Roadmaps/Current Plans and Roadmaps/WorldLedger_CORE_FIRST_CURRENT_PLANNING_RESOURCE/08_SUPPORTING_PACKAGES_AND_EXTRACTED_ARCHIVES/AIDRPG_Final_Build_Planning_Package_v1_4_23_REPAIRED_FINAL_WITH_PRODUCTION_CHUNKS_01_TO_25/40_Production_Roadmap/18_AIDRPG_Production_Chunk_18_Economy_Shops_Trade_Debt_and_Service_Contracts.txt,flattened_from_previous_compile,44128,20ca0fd2aa9165ded2fb2bbec0ea1952cabeb89358fb7aaec55ba5f479c1ac16
Roadmaps/19_AIDRPG_Production_Chunk_19_Crafting_Materials_Repair_Enchanting_Boundaries_and_Recipe_Safety.txt,Roadmaps/Current Plans and Roadmaps/WorldLedger_CORE_FIRST_CURRENT_PLANNING_RESOURCE/08_SUPPORTING_PACKAGES_AND_EXTRACTED_ARCHIVES/AIDRPG_Final_Build_Planning_Package_v1_4_23_REPAIRED_FINAL_WITH_PRODUCTION_CHUNKS_01_TO_25/40_Production_Roadmap/19_AIDRPG_Production_Chunk_19_Crafting_Materials_Repair_Enchanting_Boundaries_and_Recipe_Safety.txt,flattened_from_previous_compile,50315,b596b75ece0b6c296a664e0fd1a5ff2beefa0c55dae42811390248dff0715a84
Roadmaps/21_AIDRPG_Production_Chunk_21_Romance_Loyalty_Companions_Party_State_and_Consent_Boundary_Safety.txt,Roadmaps/Current Plans and Roadmaps/WorldLedger_CORE_FIRST_CURRENT_PLANNING_RESOURCE/08_SUPPORTING_PACKAGES_AND_EXTRACTED_ARCHIVES/AIDRPG_Final_Build_Planning_Package_v1_4_23_REPAIRED_FINAL_WITH_PRODUCTION_CHUNKS_01_TO_25/40_Production_Roadmap/21_AIDRPG_Production_Chunk_21_Romance_Loyalty_Companions_Party_State_and_Consent_Boundary_Safety.txt,flattened_from_previous_compile,55829,14f796eb3af9e1b4dc5d05dd46da48a1ce5dae3380eb2479a420b572d875f1fc
Roadmaps/22_AIDRPG_Production_Chunk_22_Pets_Mounts_Summons_Vehicles_and_Controlled_Entity_Boundaries.txt,Roadmaps/Current Plans and Roadmaps/WorldLedger_CORE_FIRST_CURRENT_PLANNING_RESOURCE/08_SUPPORTING_PACKAGES_AND_EXTRACTED_ARCHIVES/AIDRPG_Final_Build_Planning_Package_v1_4_23_REPAIRED_FINAL_WITH_PRODUCTION_CHUNKS_01_TO_25/40_Production_Roadmap/22_AIDRPG_Production_Chunk_22_Pets_Mounts_Summons_Vehicles_and_Controlled_Entity_Boundaries.txt,flattened_from_previous_compile,22318,74c1178f0687fbb5d5bb4881ecf87e417057ec8aed83d4279aacf5281a1f4d60
Roadmaps/23_AIDRPG_Production_Chunk_23_Domains_Bases_Buildings_Territories_and_Large_Scale_Asset_Boundaries.txt,Roadmaps/Current Plans and Roadmaps/WorldLedger_CORE_FIRST_CURRENT_PLANNING_RESOURCE/08_SUPPORTING_PACKAGES_AND_EXTRACTED_ARCHIVES/AIDRPG_Final_Build_Planning_Package_v1_4_23_REPAIRED_FINAL_WITH_PRODUCTION_CHUNKS_01_TO_25/40_Production_Roadmap/23_AIDRPG_Production_Chunk_23_Domains_Bases_Buildings_Territories_and_Large_Scale_Asset_Boundaries.txt,flattened_from_previous_compile,19197,f5d6e693fbaa3e8b8922a43f73b306c4257a75d8ddf800958190fa689ae451f0
Roadmaps/24_AIDRPG_Production_Chunk_24_Advanced_Combat_Party_Summon_Coordination_Absorption_Evolution_and_Warfare_Activation_Boundaries.txt,Roadmaps/Current Plans and Roadmaps/WorldLedger_CORE_FIRST_CURRENT_PLANNING_RESOURCE/08_SUPPORTING_PACKAGES_AND_EXTRACTED_ARCHIVES/AIDRPG_Final_Build_Planning_Package_v1_4_23_REPAIRED_FINAL_WITH_PRODUCTION_CHUNKS_01_TO_25/40_Production_Roadmap/24_AIDRPG_Production_Chunk_24_Advanced_Combat_Party_Summon_Coordination_Absorption_Evolution_and_Warfare_Activation_Boundaries.txt,flattened_from_previous_compile,19264,66371e3f5af1f0b70877cfa6ea9cb5b2b603dc8f46c00e7f0ad888f680197c38
Roadmaps/00_V1_1_Core_Card_System_Outcome_Spec.md,Roadmaps/Current Plans and Roadmaps/WorldLedger_CORE_FIRST_CURRENT_PLANNING_RESOURCE/08_SUPPORTING_PACKAGES_AND_EXTRACTED_ARCHIVES/WorldLedgerV1_1_CORE_CARD_SYSTEM_CHUNK_01_OUTCOME_LOCK_PACKAGE/WorldLedgerV1_1_Chunk01_OutcomeLock/00_V1_1_Core_Card_System_Outcome_Spec.md,flattened_from_previous_compile,5989,55e9f5fd3f7cde30a1b5da7e62030490b0d039877619444189968ef955ec651d
Roadmaps/01_Old_AIDRPG_Card_Patch_Salvage_Map.md,Roadmaps/Current Plans and Roadmaps/WorldLedger_CORE_FIRST_CURRENT_PLANNING_RESOURCE/08_SUPPORTING_PACKAGES_AND_EXTRACTED_ARCHIVES/WorldLedgerV1_1_CORE_CARD_SYSTEM_CHUNK_01_OUTCOME_LOCK_PACKAGE/WorldLedgerV1_1_Chunk01_OutcomeLock/01_Old_AIDRPG_Card_Patch_Salvage_Map.md,flattened_from_previous_compile,7548,7f9eea78d24b7bdcf42d14b5dc7c2dc8783540b045218bb84e94c9b6d2b8517f
Roadmaps/02_Card_Templates_Player_Facing.md,Roadmaps/Current Plans and Roadmaps/WorldLedger_CORE_FIRST_CURRENT_PLANNING_RESOURCE/08_SUPPORTING_PACKAGES_AND_EXTRACTED_ARCHIVES/WorldLedgerV1_1_CORE_CARD_SYSTEM_CHUNK_01_OUTCOME_LOCK_PACKAGE/WorldLedgerV1_1_Chunk01_OutcomeLock/02_Card_Templates_Player_Facing.md,flattened_from_previous_compile,7599,30a45706e4104cc8addcb2263f739887b5e73595f014ef02ec28c587d4da84f6
Roadmaps/03_Generated_Card_Eligibility_Rules.md,Roadmaps/Current Plans and Roadmaps/WorldLedger_CORE_FIRST_CURRENT_PLANNING_RESOURCE/08_SUPPORTING_PACKAGES_AND_EXTRACTED_ARCHIVES/WorldLedgerV1_1_CORE_CARD_SYSTEM_CHUNK_01_OUTCOME_LOCK_PACKAGE/WorldLedgerV1_1_Chunk01_OutcomeLock/03_Generated_Card_Eligibility_Rules.md,flattened_from_previous_compile,5937,b771639065cbd03254a909bdb5f05a163e97fd07b08079c01e66711203254263
Roadmaps/04_Manual_Card_Edit_and_Profile_Import_Policy.md,Roadmaps/Current Plans and Roadmaps/WorldLedger_CORE_FIRST_CURRENT_PLANNING_RESOURCE/08_SUPPORTING_PACKAGES_AND_EXTRACTED_ARCHIVES/WorldLedgerV1_1_CORE_CARD_SYSTEM_CHUNK_01_OUTCOME_LOCK_PACKAGE/WorldLedgerV1_1_Chunk01_OutcomeLock/04_Manual_Card_Edit_and_Profile_Import_Policy.md,flattened_from_previous_compile,4009,328ce6dce4afa9530e8899c8be6ce692404b124849f1ad79510d992e3df5e72a
Roadmaps/07_Source_Intake_and_GitHub_Reference_Plan.md,Roadmaps/Current Plans and Roadmaps/WorldLedger_CORE_FIRST_CURRENT_PLANNING_RESOURCE/08_SUPPORTING_PACKAGES_AND_EXTRACTED_ARCHIVES/WorldLedgerV1_1_CORE_CARD_SYSTEM_CHUNK_01_OUTCOME_LOCK_PACKAGE/WorldLedgerV1_1_Chunk01_OutcomeLock/07_Source_Intake_and_GitHub_Reference_Plan.md,flattened_from_previous_compile,4097,9fd808f27cc524bb3d4515ce16e2766166b783b417771ff3b63588abda89d3c8
Roadmaps/README_CHUNK_01.md,Roadmaps/Current Plans and Roadmaps/WorldLedger_CORE_FIRST_CURRENT_PLANNING_RESOURCE/08_SUPPORTING_PACKAGES_AND_EXTRACTED_ARCHIVES/WorldLedgerV1_1_CORE_CARD_SYSTEM_CHUNK_01_OUTCOME_LOCK_PACKAGE/WorldLedgerV1_1_Chunk01_OutcomeLock/README_CHUNK_01.md,flattened_from_previous_compile,2269,f7023fe158b3dda85d1e8e1ac5951d661f63bcbd6a4b95bc84718d49ceef8a85
Roadmaps/00_FILE_MANIFEST_v1_4_15.csv,Roadmaps/Current Plans and Roadmaps/WorldLedger_CORE_FIRST_CURRENT_PLANNING_RESOURCE/40_Production_Roadmap/00_FILE_MANIFEST_v1_4_15.csv,flattened_from_previous_compile,27851,d0eacb6957b2b4df358b21f1cc9e7ae1e55bb1eb4821183aec885c0a75a4f7b6
Roadmaps/00_FILE_MANIFEST_v1_4_15.json,Roadmaps/Current Plans and Roadmaps/WorldLedger_CORE_FIRST_CURRENT_PLANNING_RESOURCE/40_Production_Roadmap/00_FILE_MANIFEST_v1_4_15.json,flattened_from_previous_compile,38831,df07d99e0463ba23d54acc2549a38cdf831c735d403d904fc1ec575e1c28cefc
Roadmaps/ai_dungeon_script_safeguards_detailed(1)(2).txt,Roadmaps/Design Specs Guides and Safeguards/ai_dungeon_script_safeguards_detailed(1)(2).txt,flattened_from_previous_compile,48868,d3e47ff84b6324638c8375bd6acd2a942cb6d5bb01fc3d836f879f9aba615042
Roadmaps/AIDRPG_UTM2_AI_Model_Efficient_Use_Guide(1).md,Roadmaps/Design Specs Guides and Safeguards/AIDRPG_UTM2_AI_Model_Efficient_Use_Guide(1).md,flattened_from_previous_compile,13859,e0c3cb1ff6a57aabde1c34ec3d9cc7af8e2963e9745d946aa62889f5d8495e6d
Roadmaps/README_SEMANTIC_ADAPTER_v0_1.md,Roadmaps/Design Specs Guides and Safeguards/AIDRPG_UTM2_Semantic_Selector_Adapter_v0_1_Package_1/AIDRPG_UTM2_Semantic_Selector_Adapter_v0_1_Package/README_SEMANTIC_ADAPTER_v0_1.md,flattened_from_previous_compile,3119,b7178c388954a5a84bc90361a743f2f1eb9ce9a57e87b6351d65198cba376268
Roadmaps/02_FILE_MANIFEST_AND_SOURCE_MAP.txt,Roadmaps/Source Maps/AIDRPG_Final_Build_Planning_Package_v1_4_12_WITH_PRODUCTION_CHUNKS_01_TO_15/40_Previous_Master_Package_v1_3_ROADMAP_GAP_ALIGNED_EXTRACTED/00_Original_v1_1_Master_Notes/02_FILE_MANIFEST_AND_SOURCE_MAP.txt,flattened_from_previous_compile,1690,25b935b2800722771c9ae04c7314af197201930bd1c2abf5277a7be413eb871c
Roadmaps/02_FILE_MANIFEST_AND_SOURCE_MAP_v1_2.txt,Roadmaps/Source Maps/AIDRPG_Final_Build_Planning_Package_v1_4_12_WITH_PRODUCTION_CHUNKS_01_TO_15/40_Previous_Master_Package_v1_3_ROADMAP_GAP_ALIGNED_EXTRACTED/02_FILE_MANIFEST_AND_SOURCE_MAP_v1_2.txt,flattened_from_previous_compile,6893,74abdfd1853867b891c68944d9a3e9a468b7351dbcfffabe3248c784a0b53c10
Roadmaps/02_FILE_MANIFEST_AND_SOURCE_MAP_v1_3.txt,Roadmaps/Source Maps/AIDRPG_Final_Build_Planning_Package_v1_4_12_WITH_PRODUCTION_CHUNKS_01_TO_15/40_Previous_Master_Package_v1_3_ROADMAP_GAP_ALIGNED_EXTRACTED/02_FILE_MANIFEST_AND_SOURCE_MAP_v1_3.txt,flattened_from_previous_compile,6433,13e3a34ef7b8e4989f9f3f86e2b50310a93feda2b5faab0582030d1113ada42e
Roadmaps/WorldLedger_10_0A_R3D_SourceMap.json,Roadmaps/Source Maps/WorldLedger_10_0A_R3D_SourceMap.json,flattened_from_previous_compile,983,36af6768bbfe275e417f020b5ea0cc6ae681d79fb7d6a715f2360335d4662746
Roadmaps/WorldLedger_10_0A_R3D_SourceMap.md,Roadmaps/Source Maps/WorldLedger_10_0A_R3D_SourceMap.md,flattened_from_previous_compile,1529,dcac9587c0568d717e766b0842458296bb2879de29b41e642952eaec64113fdf
Roadmaps/WorldLedger_9_12A_SourceMap.md,Roadmaps/Source Maps/WorldLedger_9_12A_SourceMap.md,flattened_from_previous_compile,9334,dc2da73d35eadd4a3616bce2882e89d9fea543fb2c6720fb535cbb1e8f11402d
Roadmaps/README_CORE_FIRST_RESOURCE_MAP.md,Roadmaps/Source Maps/WorldLedger_CORE_FIRST_CURRENT_PLANNING_RESOURCE/00_START_HERE/README_CORE_FIRST_RESOURCE_MAP.md,flattened_from_previous_compile,2077,0f66a6c74860cf92bba2f13df0e8780bb3b4028a23d3a4ade075aae26d0ad213
Roadmaps/README_RESOURCE_MAP.md,Roadmaps/Source Maps/WorldLedger_CORE_FIRST_CURRENT_PLANNING_RESOURCE/99_MANIFESTS_AND_PACKAGE_AUDIT/previous_package_start_here/README_RESOURCE_MAP.md,flattened_from_previous_compile,1643,17b108861ecfc15c74b84dfbc80a6a2b81c99b429b455c146d5783522aadc4f2
Tests/ADVENTURE_STRESS_TESTER_REFERENCE.md,Tests/Harness Regression and Reports/aidrpg-ai-dungeon-mimic-tester-v1.4.1-safe_2/aidrpg-final-ai-dungeon-stress-tester-v1.4/ADVENTURE_STRESS_TESTER_REFERENCE.md,flattened_from_previous_compile,3315,bd0933f5a727e077f66a84f0f3e10eb1aa88f97f5623eba07c23e7154e699c96
Tests/aid-mimic.js,Tests/Harness Regression and Reports/aidrpg-ai-dungeon-mimic-tester-v1.4.1-safe_2/aidrpg-final-ai-dungeon-stress-tester-v1.4/aid-mimic.js,flattened_from_previous_compile,2952,4f85d3a6bff864618830af0c5ca4dd8535a13b54a7d7c80fd552d019e10bbc81
Tests/aidrpg-script.js,Tests/Harness Regression and Reports/aidrpg-ai-dungeon-mimic-tester-v1.4.1-safe_2/aidrpg-final-ai-dungeon-stress-tester-v1.4/aidrpg-script.js,flattened_from_previous_compile,1160928,f4a3ace687e1c25ae4ebabc3c7814d7601c0c0812a40ffd2e838739893250104
Tests/CHANGELOG_v1_4_1_SAFE.md,Tests/Harness Regression and Reports/aidrpg-ai-dungeon-mimic-tester-v1.4.1-safe_2/aidrpg-final-ai-dungeon-stress-tester-v1.4/CHANGELOG_v1_4_1_SAFE.md,flattened_from_previous_compile,1469,74b930d044a40ca7bbe21b20bbf27beb9c9075c2160bad17dba1c6b8af531599
Tests/CHATGPT_SAFE_USAGE.md,Tests/Harness Regression and Reports/aidrpg-ai-dungeon-mimic-tester-v1.4.1-safe_2/aidrpg-final-ai-dungeon-stress-tester-v1.4/CHATGPT_SAFE_USAGE.md,flattened_from_previous_compile,3136,3a8b06f69771a88c296e188f49bc309eb3c601bffbdcc2c36d323ac003eaeaf1
Tests/items.json,Tests/Harness Regression and Reports/aidrpg-ai-dungeon-mimic-tester-v1.4.1-safe_2/aidrpg-final-ai-dungeon-stress-tester-v1.4/data/items.json,flattened_from_previous_compile,287,b22bd65381847503e7f8178e39a266c930a1496bebd421f994a72656d4045310
Tests/DUNGEON_SIMULATION_TESTER_REFERENCE.md,Tests/Harness Regression and Reports/aidrpg-ai-dungeon-mimic-tester-v1.4.1-safe_2/aidrpg-final-ai-dungeon-stress-tester-v1.4/DUNGEON_SIMULATION_TESTER_REFERENCE.md,flattened_from_previous_compile,3410,5069f648514470882c7e753ee21f2449843c7da349bac27d34a26bf92b969f20
Tests/mimic-case.json,Tests/Harness Regression and Reports/aidrpg-ai-dungeon-mimic-tester-v1.4.1-safe_2/aidrpg-final-ai-dungeon-stress-tester-v1.4/examples/mimic-case.json,flattened_from_previous_compile,286,e5ee9ba88753036939826aa44be3ff412da5b59ad91aa607c9aced05991ad1eb
Tests/explore.js,Tests/Harness Regression and Reports/aidrpg-ai-dungeon-mimic-tester-v1.4.1-safe_2/aidrpg-final-ai-dungeon-stress-tester-v1.4/explore.js,flattened_from_previous_compile,1626,d034f9a05f282a0f8de871441fee5d81dfb765404dfc08acd5b95396cb09e6d0
Tests/explore_seed.js,Tests/Harness Regression and Reports/aidrpg-ai-dungeon-mimic-tester-v1.4.1-safe_2/aidrpg-final-ai-dungeon-stress-tester-v1.4/explore_seed.js,flattened_from_previous_compile,1771,f893d9d84ebd3093b36bc30815099e52014e54ca19f4d00d0974455df26c0ed5
Tests/FINAL_TESTER_REFERENCE_v1_3.md,Tests/Harness Regression and Reports/aidrpg-ai-dungeon-mimic-tester-v1.4.1-safe_2/aidrpg-final-ai-dungeon-stress-tester-v1.4/FINAL_TESTER_REFERENCE_v1_3.md,flattened_from_previous_compile,3943,b778f4f5bca14b06d184b3ed048f9f7b31129846dce0fbaf50fb6b3d63b5529a
Tests/action-mode-generator.js,Tests/Harness Regression and Reports/aidrpg-ai-dungeon-mimic-tester-v1.4.1-safe_2/aidrpg-final-ai-dungeon-stress-tester-v1.4/generators/action-mode-generator.js,flattened_from_previous_compile,12461,7b86e53398efc9c22587bb5ff82cd38fde94297adafa0c19c2bf9158d130dcc0
Tests/adventure-simulation-generator.js,Tests/Harness Regression and Reports/aidrpg-ai-dungeon-mimic-tester-v1.4.1-safe_2/aidrpg-final-ai-dungeon-stress-tester-v1.4/generators/adventure-simulation-generator.js,flattened_from_previous_compile,36019,d8ef93ee8c7a57482ce8d4fec8a2f5c3286d839a7e2fff82caf593011b9419fa
Tests/dungeon-runner-generator.js,Tests/Harness Regression and Reports/aidrpg-ai-dungeon-mimic-tester-v1.4.1-safe_2/aidrpg-final-ai-dungeon-stress-tester-v1.4/generators/dungeon-runner-generator.js,flattened_from_previous_compile,27848,94b98098679d40e1191e78c59ef9a8b3752b3cc195a2ee5cce364ef88dea69c9
Tests/final-ai-dungeon-compat-generator.js,Tests/Harness Regression and Reports/aidrpg-ai-dungeon-mimic-tester-v1.4.1-safe_2/aidrpg-final-ai-dungeon-stress-tester-v1.4/generators/final-ai-dungeon-compat-generator.js,flattened_from_previous_compile,12918,4913a2e83d8530b55c24d44af028abe1a13898ef2fcbe499d92c48aa1867d35f
Tests/inventory-generator.js,Tests/Harness Regression and Reports/aidrpg-ai-dungeon-mimic-tester-v1.4.1-safe_2/aidrpg-final-ai-dungeon-stress-tester-v1.4/generators/inventory-generator.js,flattened_from_previous_compile,1748,d9908fa516e8e6d1e5231a7e4e4116701a8a9b0e93d12e5a7f4a99beb611c1c6
Tests/redline-generator.js,Tests/Harness Regression and Reports/aidrpg-ai-dungeon-mimic-tester-v1.4.1-safe_2/aidrpg-final-ai-dungeon-stress-tester-v1.4/generators/redline-generator.js,flattened_from_previous_compile,53260,25827dbb6e93f81df1ec6584cdf937a0e2ff61f72e8bab87ddff74852796d4da
Tests/whole-system-generator.js,Tests/Harness Regression and Reports/aidrpg-ai-dungeon-mimic-tester-v1.4.1-safe_2/aidrpg-final-ai-dungeon-stress-tester-v1.4/generators/whole-system-generator.js,flattened_from_previous_compile,55652,b81a7e956e13bb181b13665955399dfea80052f7583e43ef71b55f9c9f058ab0
Tests/chunk-22.json,Tests/Harness Regression and Reports/aidrpg-ai-dungeon-mimic-tester-v1.4.1-safe_2/aidrpg-final-ai-dungeon-stress-tester-v1.4/manifests/chunk-22.json,flattened_from_previous_compile,416,41d691955d40819f169f0539c77574eaf17bebfcc830a3fd0c99b88b6fab3167
Tests/package.json,Tests/Harness Regression and Reports/aidrpg-ai-dungeon-mimic-tester-v1.4.1-safe_2/aidrpg-final-ai-dungeon-stress-tester-v1.4/package.json,flattened_from_previous_compile,1003,dac52c51f7be9ce55b4b70734525289401c125125a0c530d61d6baaeba45d2ee
Tests/patch.js,Tests/Harness Regression and Reports/aidrpg-ai-dungeon-mimic-tester-v1.4.1-safe_2/aidrpg-final-ai-dungeon-stress-tester-v1.4/patch.js,flattened_from_previous_compile,2563,e327f16c4afd5ab9c61988541074a8b7cb38878b40cdfdbedb44f0e05a6a6e23
Tests/README_CHROMEBOOK.md,Tests/Harness Regression and Reports/aidrpg-ai-dungeon-mimic-tester-v1.4.1-safe_2/aidrpg-final-ai-dungeon-stress-tester-v1.4/README_CHROMEBOOK.md,flattened_from_previous_compile,2311,5f6315a28db60c1db5ae678f2cbc0dff85c3a77bda7a2b1132aa52aa0f242d97
Tests/ai-review-package.md,Tests/Harness Regression and Reports/aidrpg-ai-dungeon-mimic-tester-v1.4.1-safe_2/aidrpg-final-ai-dungeon-stress-tester-v1.4/reports/ai-review-package.md,flattened_from_previous_compile,164,78fb8fbf9b682c01cdc764020b84908220a90ac45560305d65add4d03d9e3f09
Tests/latest-report.json,Tests/Harness Regression and Reports/aidrpg-ai-dungeon-mimic-tester-v1.4.1-safe_2/aidrpg-final-ai-dungeon-stress-tester-v1.4/reports/latest-report.json,flattened_from_previous_compile,68310,3dc11eae9400877b618d937538ef06627c54f022a0803a2e9e152fcba6c681a7
Tests/latest-report.md,Tests/Harness Regression and Reports/aidrpg-ai-dungeon-mimic-tester-v1.4.1-safe_2/aidrpg-final-ai-dungeon-stress-tester-v1.4/reports/latest-report.md,flattened_from_previous_compile,3927,f2670fba08eb0396d06154fa1a9b48b53cc919e97350f2d7f23834a42e971c48
Tests/patch-targets.md,Tests/Harness Regression and Reports/aidrpg-ai-dungeon-mimic-tester-v1.4.1-safe_2/aidrpg-final-ai-dungeon-stress-tester-v1.4/reports/patch-targets.md,flattened_from_previous_compile,42,fcc90e6db5a69dfd0da9b0a4b5c710b15dd5e627bb3252af78bc3e2153ccccc3
Tests/progress.ndjson,Tests/Harness Regression and Reports/aidrpg-ai-dungeon-mimic-tester-v1.4.1-safe_2/aidrpg-final-ai-dungeon-stress-tester-v1.4/reports/v14quick/custom/progress.ndjson,flattened_from_previous_compile,1850,70c3998dde7435ab90fd5296513026195fc8352c0b18256e36efc1ce62bac663
Tests/runner14.err,Tests/Harness Regression and Reports/aidrpg-ai-dungeon-mimic-tester-v1.4.1-safe_2/aidrpg-final-ai-dungeon-stress-tester-v1.4/reports/v14quick/custom/runner14.err,flattened_from_previous_compile,0,e3b0c44298fc1c149afbf4c8996fb92427ae41e4649b934ca495991b7852b855
Tests/runner14.out,Tests/Harness Regression and Reports/aidrpg-ai-dungeon-mimic-tester-v1.4.1-safe_2/aidrpg-final-ai-dungeon-stress-tester-v1.4/reports/v14quick/custom/runner14.out,flattened_from_previous_compile,218,9b96b9882661b5e01b32d001e7d0ce83ba11eb73b7e0a2a15eac37fd636e09bb
Tests/summary.json,Tests/Harness Regression and Reports/aidrpg-ai-dungeon-mimic-tester-v1.4.1-safe_2/aidrpg-final-ai-dungeon-stress-tester-v1.4/reports/v14quick/custom/summary.json,flattened_from_previous_compile,484,30fdcb9dfa322a985f2744846bcc03e86db239634515ba7c8f7c2c1cec0ddccb
Tests/summary.md,Tests/Harness Regression and Reports/aidrpg-ai-dungeon-mimic-tester-v1.4.1-safe_2/aidrpg-final-ai-dungeon-stress-tester-v1.4/reports/v14quick/custom/summary.md,flattened_from_previous_compile,476,82cbe19159c3f91f70317e6bb763fa0e352b9b15844054cdf0578cdf065e846c
Tests/final_summary.json,Tests/Harness Regression and Reports/aidrpg-ai-dungeon-mimic-tester-v1.4.1-safe_2/aidrpg-final-ai-dungeon-stress-tester-v1.4/reports/v14quick/final_summary.json,flattened_from_previous_compile,1086,47b5f8ae92b26bc3b41c09462a5af67b466056ac9d03cc98158b8224ccb7469a
Tests/final_summary.md,Tests/Harness Regression and Reports/aidrpg-ai-dungeon-mimic-tester-v1.4.1-safe_2/aidrpg-final-ai-dungeon-stress-tester-v1.4/reports/v14quick/final_summary.md,flattened_from_previous_compile,703,fe6dfdd86af8d8a24ad64b5a35fb486c5746c79af73be6d7882887ef22aaed14
Tests/run_v14_all.js,Tests/Harness Regression and Reports/aidrpg-ai-dungeon-mimic-tester-v1.4.1-safe_2/aidrpg-final-ai-dungeon-stress-tester-v1.4/run_v14_all.js,flattened_from_previous_compile,13306,c747a4b9bc3d134d7b29259ae4b54697cddda5c1bb50043806d120f8d077e187
Tests/runner.js,Tests/Harness Regression and Reports/aidrpg-ai-dungeon-mimic-tester-v1.4.1-safe_2/aidrpg-final-ai-dungeon-stress-tester-v1.4/runner.js,flattened_from_previous_compile,11823,3c701f3f5cd9b39b0ebf81bae6479a3ccf1cf544b6cd1dc1e4a318d65cbfa9b8
Tests/runner.js.bak,Tests/Harness Regression and Reports/aidrpg-ai-dungeon-mimic-tester-v1.4.1-safe_2/aidrpg-final-ai-dungeon-stress-tester-v1.4/runner.js.bak,flattened_from_previous_compile,8054,0747adc467adedbc754f1ba817cb17127d1d8a863e21646e9d2537efac07b003
Tests/runner14.js,Tests/Harness Regression and Reports/aidrpg-ai-dungeon-mimic-tester-v1.4.1-safe_2/aidrpg-final-ai-dungeon-stress-tester-v1.4/runner14.js,flattened_from_previous_compile,45776,b00d144c84dc5342bc8ca759a14588c4e025adbcc28156cd3fa2d5247ee70116
Tests/ai-dungeon-mimic.js,Tests/Harness Regression and Reports/aidrpg-ai-dungeon-mimic-tester-v1.4.1-safe_2/aidrpg-final-ai-dungeon-stress-tester-v1.4/runtime/ai-dungeon-mimic.js,flattened_from_previous_compile,4972,5ac3d30afd9801e71808820225bb0e4fc8548738905008009b2d5b43e017eba7
Tests/assertions.js,Tests/Harness Regression and Reports/aidrpg-ai-dungeon-mimic-tester-v1.4.1-safe_2/aidrpg-final-ai-dungeon-stress-tester-v1.4/runtime/assertions.js,flattened_from_previous_compile,12315,fa1f7c177a3bdf8216428d8ebdb28f0fc34d8a51398c1cd474223befa8102b81
Tests/fake-aid-runtime.js,Tests/Harness Regression and Reports/aidrpg-ai-dungeon-mimic-tester-v1.4.1-safe_2/aidrpg-final-ai-dungeon-stress-tester-v1.4/runtime/fake-aid-runtime.js,flattened_from_previous_compile,9516,0390caf3147f14bd091bef423811a3c2a274a0209ed3e170b12105d38bc2fba4
Tests/report-writer.js,Tests/Harness Regression and Reports/aidrpg-ai-dungeon-mimic-tester-v1.4.1-safe_2/aidrpg-final-ai-dungeon-stress-tester-v1.4/runtime/report-writer.js,flattened_from_previous_compile,11489,d4330b2d26fa80cb2aa964230b539865eb5f49ae636f3eacf1a2e0af2f25b412
Tests/script-resolver.js,Tests/Harness Regression and Reports/aidrpg-ai-dungeon-mimic-tester-v1.4.1-safe_2/aidrpg-final-ai-dungeon-stress-tester-v1.4/runtime/script-resolver.js,flattened_from_previous_compile,2730,98fb3ded4805f345399e3cac35888c31231b9193b79b1a37b35778d96735e1b9
Tests/source-locator.js,Tests/Harness Regression and Reports/aidrpg-ai-dungeon-mimic-tester-v1.4.1-safe_2/aidrpg-final-ai-dungeon-stress-tester-v1.4/runtime/source-locator.js,flattened_from_previous_compile,1991,b7f4506ed0d43971f47f898c309dfedcc95e4ffac7f39aac6bbe8aa2a3ca41b5
Tests/state-snapshot.js,Tests/Harness Regression and Reports/aidrpg-ai-dungeon-mimic-tester-v1.4.1-safe_2/aidrpg-final-ai-dungeon-stress-tester-v1.4/runtime/state-snapshot.js,flattened_from_previous_compile,2774,a738f3d9333c6fc4a1271d84a726faf18318934dcc40902fac0d5d74ca68c4c5
Tests/context.json,Tests/Harness Regression and Reports/aidrpg-ai-dungeon-mimic-tester-v1.4.1-safe_2/aidrpg-final-ai-dungeon-stress-tester-v1.4/suites/context/context.json,flattened_from_previous_compile,669,885df1f20837c78ce0603fe0550ae4a9454acf4360e34c7c8ccb953afdcd9aca
Tests/core-state.json,Tests/Harness Regression and Reports/aidrpg-ai-dungeon-mimic-tester-v1.4.1-safe_2/aidrpg-final-ai-dungeon-stress-tester-v1.4/suites/core-state/core-state.json,flattened_from_previous_compile,1269,64906948eb6058ead4e63bed4b06638b419740d933701788e69432e84dd0be96
Tests/full-flow.json,Tests/Harness Regression and Reports/aidrpg-ai-dungeon-mimic-tester-v1.4.1-safe_2/aidrpg-final-ai-dungeon-stress-tester-v1.4/suites/integration/full-flow.json,flattened_from_previous_compile,1726,ec694c654fcc422560c9933add7a8df711b9d22b011796b1d6cd5153e0984418
Tests/intent.json,Tests/Harness Regression and Reports/aidrpg-ai-dungeon-mimic-tester-v1.4.1-safe_2/aidrpg-final-ai-dungeon-stress-tester-v1.4/suites/intent/intent.json,flattened_from_previous_compile,2154,c06d9b9bf1827b4b5f0f38b770ce7cd55f92f9b933649f69987c2eddced3a8f5
Tests/basic-inventory.json,Tests/Harness Regression and Reports/aidrpg-ai-dungeon-mimic-tester-v1.4.1-safe_2/aidrpg-final-ai-dungeon-stress-tester-v1.4/suites/inventory/basic-inventory.json,flattened_from_previous_compile,643,aa4076292f878b040d1c0eb37c3c81828e54c5811ad753e8d424f579fd4f13cb
Tests/known-regressions.json,Tests/Harness Regression and Reports/aidrpg-ai-dungeon-mimic-tester-v1.4.1-safe_2/aidrpg-final-ai-dungeon-stress-tester-v1.4/suites/regressions/known-regressions.json,flattened_from_previous_compile,1005,b838ba7b796c31812e35d82a6c1c42a5fc77fe844e99f7a6ea1424e35b2c9447
Tests/turn-engine.json,Tests/Harness Regression and Reports/aidrpg-ai-dungeon-mimic-tester-v1.4.1-safe_2/aidrpg-final-ai-dungeon-stress-tester-v1.4/suites/turn-engine/turn-engine.json,flattened_from_previous_compile,1688,4894ef4b77fa2e58e726f69f5acc7b3029828b25be4a4ce85eb7b2cd953719a9
Tests/context-tab-example.js,Tests/Harness Regression and Reports/aidrpg-ai-dungeon-mimic-tester-v1.4.1-safe_2/aidrpg-final-ai-dungeon-stress-tester-v1.4/templates/context-tab-example.js,flattened_from_previous_compile,81,4b4fdfb7d9761974ef54b75ff408944103f305bb008b12110d4f9bbd46a2d69c
Tests/input-tab-example.js,Tests/Harness Regression and Reports/aidrpg-ai-dungeon-mimic-tester-v1.4.1-safe_2/aidrpg-final-ai-dungeon-stress-tester-v1.4/templates/input-tab-example.js,flattened_from_previous_compile,79,c2ee18fd0f5b51da1739c20e9f5a11cd3d5be2191dc814ab9dee699bfd50d7f7
Tests/output-tab-example.js,Tests/Harness Regression and Reports/aidrpg-ai-dungeon-mimic-tester-v1.4.1-safe_2/aidrpg-final-ai-dungeon-stress-tester-v1.4/templates/output-tab-example.js,flattened_from_previous_compile,80,041e9d177249bdcc6ee123d05ca1d4145d7f0facc0719b977c2ce45a7c865841
Tests/TESTER_V0_5_NOTES.md,Tests/Harness Regression and Reports/aidrpg-ai-dungeon-mimic-tester-v1.4.1-safe_2/aidrpg-final-ai-dungeon-stress-tester-v1.4/TESTER_V0_5_NOTES.md,flattened_from_previous_compile,1363,e62201c6e55af875e0aaa4647c0a438d8789c8e32707267620a53dad5044ecf8
Tests/TESTER_V0_6_COVERAGE.md,Tests/Harness Regression and Reports/aidrpg-ai-dungeon-mimic-tester-v1.4.1-safe_2/aidrpg-final-ai-dungeon-stress-tester-v1.4/TESTER_V0_6_COVERAGE.md,flattened_from_previous_compile,2861,4c72dec03e8f509bb13803c4d96c198b95669ce8ea801c152d5b267b4ca27c58
Tests/TESTER_V0_7_ACTION_MODE_SEMANTICS.md,Tests/Harness Regression and Reports/aidrpg-ai-dungeon-mimic-tester-v1.4.1-safe_2/aidrpg-final-ai-dungeon-stress-tester-v1.4/TESTER_V0_7_ACTION_MODE_SEMANTICS.md,flattened_from_previous_compile,734,1de7c915d1d533eadbe1fb5e24eb6cbb7aa455156ff4de29e447e8062f2dea36
Tests/V14_TESTER_NOTES.md,Tests/Harness Regression and Reports/aidrpg-ai-dungeon-mimic-tester-v1.4.1-safe_2/aidrpg-final-ai-dungeon-stress-tester-v1.4/V14_TESTER_NOTES.md,flattened_from_previous_compile,4119,a17425b867984b9e1afc7119ea00d2081bc7f05b61e5a0d8b8edeb27dd1e7e37
Tests/VERSION.txt,Tests/Harness Regression and Reports/aidrpg-ai-dungeon-mimic-tester-v1.4.1-safe_2/aidrpg-final-ai-dungeon-stress-tester-v1.4/VERSION.txt,flattened_from_previous_compile,50,2085e74279ed95fc10b9103eed96a7f97f4d2c4a7f3b16c4a9b0a6e0ff48107b
Tests/aidrpg-script__99842534.js,Tests/Harness Regression and Reports/aidrpg-final-ai-dungeon-stress-tester-v1.3_1/aidrpg-script.js,flattened_from_previous_compile,436878,9984253429be9602367867c60a5d7df6bfce2f42b736e3f7fd2fc24d05489c20
Tests/package__a22c9ba0.json,Tests/Harness Regression and Reports/aidrpg-final-ai-dungeon-stress-tester-v1.3_1/package.json,flattened_from_previous_compile,413,a22c9ba04f221736f748749c8a45522ebec4a12832bcbc08f944228bacca593d
Tests/ai-review-package__dca729d4.md,Tests/Harness Regression and Reports/aidrpg-final-ai-dungeon-stress-tester-v1.3_1/reports/ai-review-package.md,flattened_from_previous_compile,858,dca729d4a9ba9ea8e87230bfb063f92ff2f56b1921c606a627cf319406afc00a
Tests/failures-only.json,Tests/Harness Regression and Reports/aidrpg-final-ai-dungeon-stress-tester-v1.3_1/reports/failures-only.json,flattened_from_previous_compile,15618,7d9b448568a1f9517791a3dd30ab0b035aa1db3fdc4aff32195610b3d2d2069f
Tests/latest-report__9ca876a3.json,Tests/Harness Regression and Reports/aidrpg-final-ai-dungeon-stress-tester-v1.3_1/reports/latest-report.json,flattened_from_previous_compile,44455,9ca876a37e9f73a56129b6fb0ad78190c9e224cfd5a785086cc8df62127ce6f7
Tests/latest-report__caac2565.md,Tests/Harness Regression and Reports/aidrpg-final-ai-dungeon-stress-tester-v1.3_1/reports/latest-report.md,flattened_from_previous_compile,15721,caac2565724872f35f92c42cf88dcb7e30158e4f683c5f66a5d9ebf70363738c
Tests/patch-targets__9ced2d28.md,Tests/Harness Regression and Reports/aidrpg-final-ai-dungeon-stress-tester-v1.3_1/reports/patch-targets.md,flattened_from_previous_compile,247,9ced2d2837525841206bba934e98f92e65f47fb74e58d2b17602f9f47538b88f
Tests/runner__7e1cd065.js,Tests/Harness Regression and Reports/aidrpg-final-ai-dungeon-stress-tester-v1.3_1/runner.js,flattened_from_previous_compile,10829,7e1cd06581f17bc960c63202aa98e39cbd2962cb06e62d26965141040b4d205d
Tests/fake-aid-runtime__a4b5a7b7.js,Tests/Harness Regression and Reports/aidrpg-final-ai-dungeon-stress-tester-v1.3_1/runtime/fake-aid-runtime.js,flattened_from_previous_compile,9102,a4b5a7b7d47597357d76ae511ec5bb2670d607c980b09b9959752cb3dee0b841
Tests/package__e7bab127.json,Tests/Harness Regression and Reports/aidrpg-final-ai-dungeon-stress-tester-v1.4_2/aidrpg-final-ai-dungeon-stress-tester-v1.4/package.json,flattened_from_previous_compile,521,e7bab127e68af18a5ad061ea654c08b5911780b2559fd375d9cbe9f371016948
Tests/run_v14_all__8feba8d1.js,Tests/Harness Regression and Reports/aidrpg-final-ai-dungeon-stress-tester-v1.4_2/aidrpg-final-ai-dungeon-stress-tester-v1.4/run_v14_all.js,flattened_from_previous_compile,13200,8feba8d11a5508a7a3c4213d8924d834feb437a27d7ae2b99987f486565e4e46
Tests/runner__701fb26e.js,Tests/Harness Regression and Reports/aidrpg-final-ai-dungeon-stress-tester-v1.4_2/aidrpg-final-ai-dungeon-stress-tester-v1.4/runner.js,flattened_from_previous_compile,10829,701fb26e63a0a9980456ed1a82a1366d0533b99e88bd3040b606b98e5938ee81
Tests/runner14__4ae811b4.js,Tests/Harness Regression and Reports/aidrpg-final-ai-dungeon-stress-tester-v1.4_2/aidrpg-final-ai-dungeon-stress-tester-v1.4/runner14.js,flattened_from_previous_compile,45345,4ae811b482fe1f3a13eea9621d0ae5188ee4fe0d4902b4d260e07258e9e3c399
Tests/VERSION__29c15d5c.txt,Tests/Harness Regression and Reports/aidrpg-final-ai-dungeon-stress-tester-v1.4_2/aidrpg-final-ai-dungeon-stress-tester-v1.4/VERSION.txt,flattened_from_previous_compile,43,29c15d5c60d16047a06ce6237666f5bff7fd74eb086f46d4410e57a47ee6d98f
Tests/16_AIDRPG_Build_Chunk_16_ReleaseCheck_and_Regression_Matrix_Lock.txt,Tests/Harness Regression and Reports/AIDRPG_Final_Build_Planning_Package_v1_4_12_WITH_PRODUCTION_CHUNKS_01_TO_15/20_Build_Chunks_01_to_17/16_AIDRPG_Build_Chunk_16_ReleaseCheck_and_Regression_Matrix_Lock.txt,flattened_from_previous_compile,30596,8d55e4c87a1b744724c7963cdd43e9fbda7e95ed8dad77424cc5e2600252f03b
Tests/01_AIDRPG_v1_5_0_Category_7_to_12_QA_Result.txt,Tests/Harness Regression and Reports/AIDRPG_Final_Build_Planning_Package_v1_4_12_WITH_PRODUCTION_CHUNKS_01_TO_15/30_Evidence_and_QA/01_AIDRPG_v1_5_0_Category_7_to_12_QA_Result.txt,flattened_from_previous_compile,43966,fd797cae6dfa2992300b5bb134299127d8a3fb352575e2c2a9f29ae326a2eec9
Tests/02_Phase_5_Ability_Training_and_Exhaustion_Fix_Recovery_Notes.txt,Tests/Harness Regression and Reports/AIDRPG_Final_Build_Planning_Package_v1_4_12_WITH_PRODUCTION_CHUNKS_01_TO_15/30_Evidence_and_QA/02_Phase_5_Ability_Training_and_Exhaustion_Fix_Recovery_Notes.txt,flattened_from_previous_compile,99041,835443c9acae75778367b9da13127d6d70d6412a0065393d1cbeb8a908f59c78
Tests/AIDRPG_Design_Bible_Chunk_07_Combat_Matrix_and_Consequence_Model.txt,Tests/Harness Regression and Reports/AIDRPG_Final_Build_Planning_Package_v1_4_12_WITH_PRODUCTION_CHUNKS_01_TO_15/40_Previous_Master_Package_v1_3_ROADMAP_GAP_ALIGNED_EXTRACTED/01_Repaired_Design_Bible_33_Chunks/AIDRPG_Design_Bible_Chunk_07_Combat_Matrix_and_Consequence_Model.txt,flattened_from_previous_compile,42773,d396f0f469a5343d9ec7e3ff4bd6b8f07161e8e07a0516906334c0a111e1fbf7
Tests/AIDRPG_Design_Bible_Chunk_19_Level_1_1000_Scaling_Matrix_Freeform_Gameplay_Scaling_Player.txt,Tests/Harness Regression and Reports/AIDRPG_Final_Build_Planning_Package_v1_4_12_WITH_PRODUCTION_CHUNKS_01_TO_15/40_Previous_Master_Package_v1_3_ROADMAP_GAP_ALIGNED_EXTRACTED/01_Repaired_Design_Bible_33_Chunks/AIDRPG_Design_Bible_Chunk_19_Level_1_1000_Scaling_Matrix_Freeform_Gameplay_Scaling_Player.txt,flattened_from_previous_compile,51482,6d0a9e87846d0a41171ae88f2e4a50bc1bcead35a4eef7cd887253718694d6d7
Tests/AIDRPG_Design_Bible_Chunk_23_Creature_Tier_Matrix_Enemy_Stat_Bands_Boss_Scaling_Group_Thr.txt,Tests/Harness Regression and Reports/AIDRPG_Final_Build_Planning_Package_v1_4_12_WITH_PRODUCTION_CHUNKS_01_TO_15/40_Previous_Master_Package_v1_3_ROADMAP_GAP_ALIGNED_EXTRACTED/01_Repaired_Design_Bible_33_Chunks/AIDRPG_Design_Bible_Chunk_23_Creature_Tier_Matrix_Enemy_Stat_Bands_Boss_Scaling_Group_Thr.txt,flattened_from_previous_compile,49276,8543caaea1cabd66ec779c6e757566b9caec6ee33e25699c74e7cb615a1c1f9d
Tests/02_AIDRPG_Gap_Chunk_A_Old_Fix_Salvage_Matrix.txt,Tests/Harness Regression and Reports/AIDRPG_Final_Build_Planning_Package_v1_4_12_WITH_PRODUCTION_CHUNKS_01_TO_15/40_Previous_Master_Package_v1_3_ROADMAP_GAP_ALIGNED_EXTRACTED/03_Roadmap_and_Pre_Code_Gap_Closure/02_AIDRPG_Gap_Chunk_A_Old_Fix_Salvage_Matrix.txt,flattened_from_previous_compile,55689,94abe7bc4344a35a7378adf6889961265d22647e1d23c0874c92fb3e275c30ae
Tests/01_AIDRPG_Production_Chunk_01_V0_17_Foundation_Acceptance_and_Freeze.txt,Tests/Harness Regression and Reports/AIDRPG_Final_Build_Planning_Package_v1_4_12_WITH_PRODUCTION_CHUNKS_01_TO_15/40_Production_Roadmap/01_AIDRPG_Production_Chunk_01_V0_17_Foundation_Acceptance_and_Freeze.txt,flattened_from_previous_compile,8044,afeb1bd6c6c174903d3a0551267172344a440cded95eae1821b0d6c9aa88e902
Tests/10_AIDRPG_Production_Chunk_10_Formula_Matrix_and_Progression_Baseline.txt,Tests/Harness Regression and Reports/AIDRPG_Final_Build_Planning_Package_v1_4_12_WITH_PRODUCTION_CHUNKS_01_TO_15/40_Production_Roadmap/10_AIDRPG_Production_Chunk_10_Formula_Matrix_and_Progression_Baseline.txt,flattened_from_previous_compile,35481,b44c4b9bf8979727462352c8a36b89f38c75d1c441e22fa555efa510e77dc0e5
Tests/AIDRPG_Final_Tester_Manual.docx,Tests/Harness Regression and Reports/AIDRPG_Final_Tester_Manual.docx,flattened_from_previous_compile,42437,8dd4c2b8c02c1b7ecf5e595c2952f5388c452217534881a3621cadc84bb0b9fd
Tests/AIDRPG_Ultimate_Functional_Run_Plan_v2.md,Tests/Harness Regression and Reports/AIDRPG_Ultimate_Functional_Test_Matrix_v2_Package_1/AIDRPG_Ultimate_Functional_Run_Plan_v2.md,flattened_from_previous_compile,1432,8d9a7f16ce30d216ed9d9ba9d59f47318c4ff885d96898d30a89d62f6e123cb6
Tests/AIDRPG_Ultimate_Functional_Test_Fixtures_v2.json,Tests/Harness Regression and Reports/AIDRPG_Ultimate_Functional_Test_Matrix_v2_Package_1/AIDRPG_Ultimate_Functional_Test_Fixtures_v2.json,flattened_from_previous_compile,2238,27448081df294ed0ce2b975afb3b6f6da227986a16b208d36ec243e8847c8626
Tests/AIDRPG_Ultimate_Functional_Test_Matrix_v2.csv,Tests/Harness Regression and Reports/AIDRPG_Ultimate_Functional_Test_Matrix_v2_Package_1/AIDRPG_Ultimate_Functional_Test_Matrix_v2.csv,flattened_from_previous_compile,1877488,1dd4c5be02117ec22bca03b90da3dc4e1ec307d7451523847954b4b0f8d7c329
Tests/AIDRPG_Ultimate_Functional_Test_Matrix_v2.json,Tests/Harness Regression and Reports/AIDRPG_Ultimate_Functional_Test_Matrix_v2_Package_1/AIDRPG_Ultimate_Functional_Test_Matrix_v2.json,flattened_from_previous_compile,3030697,75a48f7b1fcd056fd2ec7f3dc7f7f0d1693204d666614ffe026c4b90e2d2307a
Tests/AIDRPG_Ultimate_Functional_Test_Matrix_v2.jsonl,Tests/Harness Regression and Reports/AIDRPG_Ultimate_Functional_Test_Matrix_v2_Package_1/AIDRPG_Ultimate_Functional_Test_Matrix_v2.jsonl,flattened_from_previous_compile,2547086,9fa9179ee0b4be4ad925eef517fcb3d4e7d0d2c6893196013204262648e94ba7
Tests/AIDRPG_Ultimate_Functional_Test_Matrix_v2.md,Tests/Harness Regression and Reports/AIDRPG_Ultimate_Functional_Test_Matrix_v2_Package_1/AIDRPG_Ultimate_Functional_Test_Matrix_v2.md,flattened_from_previous_compile,6756,4d05b490c6ea141b67cc88170638d232aa88bff28a82b92989572d478618b6cd
Tests/AIDRPG_Ultimate_Functional_Test_Matrix_v2.xlsx,Tests/Harness Regression and Reports/AIDRPG_Ultimate_Functional_Test_Matrix_v2_Package_1/AIDRPG_Ultimate_Functional_Test_Matrix_v2.xlsx,flattened_from_previous_compile,224673,11cd15a2c2c3992b312b938cddca7cd59bf1b1e29f70404e133c4cec5e51ce50
Tests/AIDRPG_Ultimate_Functional_Test_Matrix_v2_validation_report.json,Tests/Harness Regression and Reports/AIDRPG_Ultimate_Functional_Test_Matrix_v2_Package_1/AIDRPG_Ultimate_Functional_Test_Matrix_v2_validation_report.json,flattened_from_previous_compile,653,5e8e13a7974ae5e10d27ce51cfed00111830fc7734fca2d6179855a34dd9305b
Tests/AIDRPG_Ultimate_Functional_Test_Schema_v2.json,Tests/Harness Regression and Reports/AIDRPG_Ultimate_Functional_Test_Matrix_v2_Package_1/AIDRPG_Ultimate_Functional_Test_Schema_v2.json,flattened_from_previous_compile,1680,da0f60e1487b237eb1aeab9c44a379f9edad1344f48261cb19236ab568274c09
Tests/AIDRPG_Ultimate_Functional_Test_Shard_Index_v2.csv,Tests/Harness Regression and Reports/AIDRPG_Ultimate_Functional_Test_Matrix_v2_Package_1/AIDRPG_Ultimate_Functional_Test_Shard_Index_v2.csv,flattened_from_previous_compile,3350,7f0165654110179c80948e6b92d3f2c8fec2218f3482121d2b3a37cdba48284b
Tests/AIDRPG_UTM2_shard_001.jsonl,Tests/Harness Regression and Reports/AIDRPG_Ultimate_Functional_Test_Matrix_v2_Package_1/jsonl_shards/AIDRPG_UTM2_shard_001.jsonl,flattened_from_previous_compile,110268,a438486b61ae2aa2f1d3bab8a7359c7f49ab7db3f511ac688d69ee1bb247cdc1
Tests/AIDRPG_UTM2_shard_002.jsonl,Tests/Harness Regression and Reports/AIDRPG_Ultimate_Functional_Test_Matrix_v2_Package_1/jsonl_shards/AIDRPG_UTM2_shard_002.jsonl,flattened_from_previous_compile,110176,aabd5290a801a07760bd08d3db740cc53ee1d3d7ebd84abb08f18163d378d0f3
Tests/AIDRPG_UTM2_shard_003.jsonl,Tests/Harness Regression and Reports/AIDRPG_Ultimate_Functional_Test_Matrix_v2_Package_1/jsonl_shards/AIDRPG_UTM2_shard_003.jsonl,flattened_from_previous_compile,107655,c20fb41f87f4cddd7c4b66d26976cdd13eec6b78ae5859cf2d23928bf99bcf39
Tests/AIDRPG_UTM2_shard_004.jsonl,Tests/Harness Regression and Reports/AIDRPG_Ultimate_Functional_Test_Matrix_v2_Package_1/jsonl_shards/AIDRPG_UTM2_shard_004.jsonl,flattened_from_previous_compile,107119,3506baf7f653bf461d8b7a76c8401c40059ae169a3451b796ba2f391f99242ce
Tests/AIDRPG_UTM2_shard_005.jsonl,Tests/Harness Regression and Reports/AIDRPG_Ultimate_Functional_Test_Matrix_v2_Package_1/jsonl_shards/AIDRPG_UTM2_shard_005.jsonl,flattened_from_previous_compile,101657,6b782c1c294ec4a7b5b27f38159ad12d41800c2df65a14b9bfab246a71ca3120
Tests/AIDRPG_UTM2_shard_006.jsonl,Tests/Harness Regression and Reports/AIDRPG_Ultimate_Functional_Test_Matrix_v2_Package_1/jsonl_shards/AIDRPG_UTM2_shard_006.jsonl,flattened_from_previous_compile,101237,030c6e70bbad4b2196241fe408d60011e61e680059c5ed54d67b9ec54602db52
Tests/AIDRPG_UTM2_shard_007.jsonl,Tests/Harness Regression and Reports/AIDRPG_Ultimate_Functional_Test_Matrix_v2_Package_1/jsonl_shards/AIDRPG_UTM2_shard_007.jsonl,flattened_from_previous_compile,109421,cc02b479674882d1ebe17953e8481b51fcee0cf30539e1b9e66136bbfdfc5e47
Tests/AIDRPG_UTM2_shard_008.jsonl,Tests/Harness Regression and Reports/AIDRPG_Ultimate_Functional_Test_Matrix_v2_Package_1/jsonl_shards/AIDRPG_UTM2_shard_008.jsonl,flattened_from_previous_compile,110273,cbffc21c2bc870d8f70d2c2f09025b017052fbdfe2c52c232c8c57f37d4bf778
Tests/AIDRPG_UTM2_shard_009.jsonl,Tests/Harness Regression and Reports/AIDRPG_Ultimate_Functional_Test_Matrix_v2_Package_1/jsonl_shards/AIDRPG_UTM2_shard_009.jsonl,flattened_from_previous_compile,100753,27cd5f7332f93dc8d287775994e3bb340d9441add20ff7df3e9fde271b66f454
Tests/AIDRPG_UTM2_shard_010.jsonl,Tests/Harness Regression and Reports/AIDRPG_Ultimate_Functional_Test_Matrix_v2_Package_1/jsonl_shards/AIDRPG_UTM2_shard_010.jsonl,flattened_from_previous_compile,101389,6af5626e931bc0153bedc53490567e5668be282e7c6b7f38b5a5d804f003b6f1
Tests/AIDRPG_UTM2_shard_011.jsonl,Tests/Harness Regression and Reports/AIDRPG_Ultimate_Functional_Test_Matrix_v2_Package_1/jsonl_shards/AIDRPG_UTM2_shard_011.jsonl,flattened_from_previous_compile,101925,e72ddd7e0c9cbd19b778c047cc1a44b52404696ba94111723fbbf99cfdfdcd78
Tests/AIDRPG_UTM2_shard_012.jsonl,Tests/Harness Regression and Reports/AIDRPG_Ultimate_Functional_Test_Matrix_v2_Package_1/jsonl_shards/AIDRPG_UTM2_shard_012.jsonl,flattened_from_previous_compile,101373,af306d648703a9edaf78df43d174ed1e0f99ead39fd61d8fe56f71a2b4dd8e93
Tests/AIDRPG_UTM2_shard_013.jsonl,Tests/Harness Regression and Reports/AIDRPG_Ultimate_Functional_Test_Matrix_v2_Package_1/jsonl_shards/AIDRPG_UTM2_shard_013.jsonl,flattened_from_previous_compile,111023,d0b376dca224cc386feec1a7d0f7992cace78a34b9e0e1ff0fadcf37047c3a6f
Tests/AIDRPG_UTM2_shard_014.jsonl,Tests/Harness Regression and Reports/AIDRPG_Ultimate_Functional_Test_Matrix_v2_Package_1/jsonl_shards/AIDRPG_UTM2_shard_014.jsonl,flattened_from_previous_compile,111339,ff858102b6c8ca442fc179ff97ad005e02e4a04ef83c0b71af3e3077dcb3fba3
Tests/AIDRPG_UTM2_shard_015.jsonl,Tests/Harness Regression and Reports/AIDRPG_Ultimate_Functional_Test_Matrix_v2_Package_1/jsonl_shards/AIDRPG_UTM2_shard_015.jsonl,flattened_from_previous_compile,102035,168629118a4dd5b6a38c8f81efee63d1b93c812056d91957f4baadbb1d110b81
Tests/AIDRPG_UTM2_shard_016.jsonl,Tests/Harness Regression and Reports/AIDRPG_Ultimate_Functional_Test_Matrix_v2_Package_1/jsonl_shards/AIDRPG_UTM2_shard_016.jsonl,flattened_from_previous_compile,101847,96f05725d867b719dcc07b1f01d8d54455d9f0190fcc88eb8069f3ed9d122d94
Tests/AIDRPG_UTM2_shard_017.jsonl,Tests/Harness Regression and Reports/AIDRPG_Ultimate_Functional_Test_Matrix_v2_Package_1/jsonl_shards/AIDRPG_UTM2_shard_017.jsonl,flattened_from_previous_compile,103965,325b17d8a4145319a88ebe8f665bd5c8a751c3287400a104af88d3e703af2b8a
Tests/AIDRPG_UTM2_shard_018.jsonl,Tests/Harness Regression and Reports/AIDRPG_Ultimate_Functional_Test_Matrix_v2_Package_1/jsonl_shards/AIDRPG_UTM2_shard_018.jsonl,flattened_from_previous_compile,102985,286ca9e9b271342a7dbf674b0e9e5dc735872f2a8e2f8d299c03a0835c1aaf05
Tests/AIDRPG_UTM2_shard_019.jsonl,Tests/Harness Regression and Reports/AIDRPG_Ultimate_Functional_Test_Matrix_v2_Package_1/jsonl_shards/AIDRPG_UTM2_shard_019.jsonl,flattened_from_previous_compile,104341,df06c8e06de0044d2137553dc1d14fda7d7121d5d654c60e8077f21241c9f492
Tests/AIDRPG_UTM2_shard_020.jsonl,Tests/Harness Regression and Reports/AIDRPG_Ultimate_Functional_Test_Matrix_v2_Package_1/jsonl_shards/AIDRPG_UTM2_shard_020.jsonl,flattened_from_previous_compile,104093,2bc835ca43aecf4871d590e28c98ddc3b7644833cfedff51e495845345110eb2
Tests/AIDRPG_UTM2_shard_021.jsonl,Tests/Harness Regression and Reports/AIDRPG_Ultimate_Functional_Test_Matrix_v2_Package_1/jsonl_shards/AIDRPG_UTM2_shard_021.jsonl,flattened_from_previous_compile,100219,f1ca4b7c0033724be52177d63b21c106c2ee3f6840f9cc579786931d560582e5
Tests/AIDRPG_UTM2_shard_022.jsonl,Tests/Harness Regression and Reports/AIDRPG_Ultimate_Functional_Test_Matrix_v2_Package_1/jsonl_shards/AIDRPG_UTM2_shard_022.jsonl,flattened_from_previous_compile,99959,093129b443a09719afa63c6a650ee654144dd66dad900d1d61072d829c11e646
Tests/AIDRPG_UTM2_shard_023.jsonl,Tests/Harness Regression and Reports/AIDRPG_Ultimate_Functional_Test_Matrix_v2_Package_1/jsonl_shards/AIDRPG_UTM2_shard_023.jsonl,flattened_from_previous_compile,121147,932f6494ae7d0188ec85feb80798973e1ea00f0015382d2695213a66793fcb77
Tests/AIDRPG_UTM2_shard_024.jsonl,Tests/Harness Regression and Reports/AIDRPG_Ultimate_Functional_Test_Matrix_v2_Package_1/jsonl_shards/AIDRPG_UTM2_shard_024.jsonl,flattened_from_previous_compile,120887,7cb7b8d233596b096a873fb5728442fdb3d27f343b63bc3dac4f916629c966ab
Tests/manifest.txt,Tests/Harness Regression and Reports/AIDRPG_Ultimate_Functional_Test_Matrix_v2_Package_1/manifest.txt,flattened_from_previous_compile,1515,b89a5fdcb7ee5ce47bc3df641df0a1ef546d5a2294ae8340261ac834a65f34a9
Tests/validate_AIDRPG_UTM2_matrix.py,Tests/Harness Regression and Reports/AIDRPG_Ultimate_Functional_Test_Matrix_v2_Package_1/validate_AIDRPG_UTM2_matrix.py,flattened_from_previous_compile,2322,c2cfa5e12131d9998427706c36ee131eb1ca1a8f5f9b41a8f5cc5ebc71e51451
Tests/AIDRPG_Ultimate_Test_Matrix.csv,Tests/Harness Regression and Reports/AIDRPG_Ultimate_Test_Matrix_Package_1/AIDRPG_Ultimate_Test_Matrix.csv,flattened_from_previous_compile,30983,71223068675e106af3fb876ca865e8c84b68667bc429d8fbe48573ff6e60d1d7
Tests/AIDRPG_Ultimate_Test_Matrix.json,Tests/Harness Regression and Reports/AIDRPG_Ultimate_Test_Matrix_Package_1/AIDRPG_Ultimate_Test_Matrix.json,flattened_from_previous_compile,79592,4e43b23192a4194643f75316dbbe68281f59ecfd55a4f91e039a0afe229847c8
Tests/AIDRPG_Ultimate_Test_Matrix.md,Tests/Harness Regression and Reports/AIDRPG_Ultimate_Test_Matrix_Package_1/AIDRPG_Ultimate_Test_Matrix.md,flattened_from_previous_compile,50269,7cc0d70c7261cc7c89743ac927920dce0e0445e8a8b60b34f9fce38c7bb1c1ed
Tests/AIDRPG_Ultimate_Test_Matrix.xlsx,Tests/Harness Regression and Reports/AIDRPG_Ultimate_Test_Matrix_Package_1/AIDRPG_Ultimate_Test_Matrix.xlsx,flattened_from_previous_compile,25316,11297f3be15ec0f7e8aad48e75fa282d915a30710d0d86148acf0b63dddb7369
Tests/semantic_aggregate_summary.json,Tests/Harness Regression and Reports/AIDRPG_UTM2_Semantic_Selector_Adapter_v0_1_Package_1/AIDRPG_UTM2_Semantic_Selector_Adapter_v0_1_Package/calibration_results/semantic_aggregate_summary.json,flattened_from_previous_compile,1626,ab3845b219f09527679e6d09f2fadcbf797ce2de34800477c025b2dcb35f01f8
Tests/semantic_all_rows.jsonl,Tests/Harness Regression and Reports/AIDRPG_UTM2_Semantic_Selector_Adapter_v0_1_Package_1/AIDRPG_UTM2_Semantic_Selector_Adapter_v0_1_Package/calibration_results/semantic_all_rows.jsonl,flattened_from_previous_compile,8071,5160be0b92a79bff9f210851f564e9f981557aad12562cbae7ee97f63269f119
Tests/semantic_failures.jsonl,Tests/Harness Regression and Reports/AIDRPG_UTM2_Semantic_Selector_Adapter_v0_1_Package_1/AIDRPG_UTM2_Semantic_Selector_Adapter_v0_1_Package/calibration_results/semantic_failures.jsonl,flattened_from_previous_compile,3816,266fb7328c237378554e3dc30d9c9cdabbb8522822029a821abffbb6c8da4009
Tests/semantic_report.md,Tests/Harness Regression and Reports/AIDRPG_UTM2_Semantic_Selector_Adapter_v0_1_Package_1/AIDRPG_UTM2_Semantic_Selector_Adapter_v0_1_Package/calibration_results/semantic_report.md,flattened_from_previous_compile,1761,7c42e170ddf06596763a86abed7aafa7a9085b4132a86f1791ee17f14d391e1a
Tests/semantic_results_table.csv,Tests/Harness Regression and Reports/AIDRPG_UTM2_Semantic_Selector_Adapter_v0_1_Package_1/AIDRPG_UTM2_Semantic_Selector_Adapter_v0_1_Package/calibration_results/semantic_results_table.csv,flattened_from_previous_compile,2302,c27d291c5ecff836cd2530d74d76be1f1a15c0eafd71c97ff7259a03b5aab912
Tests/semantic_shard_001_offset_0_limit_4.jsonl,Tests/Harness Regression and Reports/AIDRPG_UTM2_Semantic_Selector_Adapter_v0_1_Package_1/AIDRPG_UTM2_Semantic_Selector_Adapter_v0_1_Package/calibration_results/semantic_shard_001_offset_0_limit_4.jsonl,flattened_from_previous_compile,5744,3e6be9fc55b5fdefc5ca0d0f13d26f7d5fbc94ea81cce6c24a7d2e1e14b24b62
Tests/semantic_shard_001_offset_4_limit_1.jsonl,Tests/Harness Regression and Reports/AIDRPG_UTM2_Semantic_Selector_Adapter_v0_1_Package_1/AIDRPG_UTM2_Semantic_Selector_Adapter_v0_1_Package/calibration_results/semantic_shard_001_offset_4_limit_1.jsonl,flattened_from_previous_compile,2327,519319bfa19bfcf51e5295d25b3f39f9d208140f47b3e18ef6f59c5e887bbcbf
Tests/SEMANTIC_ADAPTER_CALIBRATION_REPORT.md,Tests/Harness Regression and Reports/AIDRPG_UTM2_Semantic_Selector_Adapter_v0_1_Package_1/AIDRPG_UTM2_Semantic_Selector_Adapter_v0_1_Package/SEMANTIC_ADAPTER_CALIBRATION_REPORT.md,flattened_from_previous_compile,3684,c323f58c79ba16b2ce112b25b48c714c11e722da77173399fc615ee026abd5a2
Tests/utm2_semantic_aggregate_results.js,Tests/Harness Regression and Reports/AIDRPG_UTM2_Semantic_Selector_Adapter_v0_1_Package_1/AIDRPG_UTM2_Semantic_Selector_Adapter_v0_1_Package/utm2_semantic_aggregate_results.js,flattened_from_previous_compile,5927,00ebfdba79d8ef94906f1b5970ad1c5d300ecfe503d8ac5786b5531a1f5a2e52
Tests/AIDRPG_v1_3_7_Player_Breaker_Test_Report.docx,Tests/Harness Regression and Reports/AIDRPG_v1_3_7_Player_Breaker_Test_Report.docx,flattened_from_previous_compile,44601,f3da75543e8c4aca7c67794c122e8b683325b972819f9870b9ca922115a5983e
Tests/AIDRPG_v1_3_8_Player_Breaker_Test_Feedback.docx,Tests/Harness Regression and Reports/AIDRPG_v1_3_8_Player_Breaker_Test_Feedback.docx,flattened_from_previous_compile,13085,35e9c9328d8bdd8fb7f9842e13a94cafd79d47deba85eaa60f47d7d3e6a6e924
Tests/AIDRPG_v1_3_8_test_feedback_report.md,Tests/Harness Regression and Reports/AIDRPG_v1_3_8_test_feedback_report.md,flattened_from_previous_compile,59605,b24c52386637267ec188490c9d7fe874184a9a34c8936669eac3cba6447bdfc1
Tests/ability_ext.json,Tests/Harness Regression and Reports/AIDRPGbeta_v16_heavy_reports_2/beta-v16-reports/ability_ext.json,flattened_from_previous_compile,842256,92315d757b39a94e16f188db3c7d6aa04217361ff0ba462c904ac95e52937728
Tests/ability_ext.md,Tests/Harness Regression and Reports/AIDRPGbeta_v16_heavy_reports_2/beta-v16-reports/ability_ext.md,flattened_from_previous_compile,369,1c2009c9c85b787ec81483eff2c3a60035dc399c5ec1405880f07a5011a51e33
Tests/adventure_baseline.json,Tests/Harness Regression and Reports/AIDRPGbeta_v16_heavy_reports_2/beta-v16-reports/adventure_baseline.json,flattened_from_previous_compile,29376,be924875b997bb0de9c7886e042a39c2cb0c1fc3513958595b0845cb0c89f80e
Tests/adventure_baseline.md,Tests/Harness Regression and Reports/AIDRPGbeta_v16_heavy_reports_2/beta-v16-reports/adventure_baseline.md,flattened_from_previous_compile,366,3fddf5c7403853914e3a78eec53c720ee426fd986932d83968dfae36e96719ce
Tests/adventure_stress.json,Tests/Harness Regression and Reports/AIDRPGbeta_v16_heavy_reports_2/beta-v16-reports/adventure_stress.json,flattened_from_previous_compile,1253220,75426d3f4db6849124366ef92e33bfb7f75156958e5755505c2fba1b4d502ea5
Tests/adventure_stress.md,Tests/Harness Regression and Reports/AIDRPGbeta_v16_heavy_reports_2/beta-v16-reports/adventure_stress.md,flattened_from_previous_compile,122191,49b44bb51946268c9a054bedb2f250e71b36804d3ca148327a9b40048e10a3e0
Tests/adventure_stress_failures.json,Tests/Harness Regression and Reports/AIDRPGbeta_v16_heavy_reports_2/beta-v16-reports/adventure_stress_failures.json,flattened_from_previous_compile,232782,b93d3e09316e9b8fea043b55310178c3a5e80182cc4a5ffed1f28e89fd984254
Tests/ai_dungeon_final.json,Tests/Harness Regression and Reports/AIDRPGbeta_v16_heavy_reports_2/beta-v16-reports/ai_dungeon_final.json,flattened_from_previous_compile,37580,22282c5d18af8a4f1823468463b5757ff5a8fe2247f1b8dc6504cc5269704f9e
Tests/ai_dungeon_final.log,Tests/Harness Regression and Reports/AIDRPGbeta_v16_heavy_reports_2/beta-v16-reports/ai_dungeon_final.log,flattened_from_previous_compile,164,1ce2e8ea4971bece50f94a921d26a2c052422d2a2329a2f783538bb1fdce2f2b
Tests/ai_dungeon_final.md,Tests/Harness Regression and Reports/AIDRPGbeta_v16_heavy_reports_2/beta-v16-reports/ai_dungeon_final.md,flattened_from_previous_compile,364,c680ef27a0dd6daf4501a5bfb43119ecea8fc9375e91ac2114af0dd9c1545d62
Tests/character_transformation.json,Tests/Harness Regression and Reports/AIDRPGbeta_v16_heavy_reports_2/beta-v16-reports/character_transformation.json,flattened_from_previous_compile,97920,2d1c893c58975b5088753d824f83d652c7aaa6c9a3c8081d5a2dcd9aa2f94c0c
Tests/character_transformation.log,Tests/Harness Regression and Reports/AIDRPGbeta_v16_heavy_reports_2/beta-v16-reports/character_transformation.log,flattened_from_previous_compile,237,0e9f76f198a7ce5951e9751b15d77475c69fb0a9f597d229e4cd7406d6793533
Tests/character_transformation.md,Tests/Harness Regression and Reports/AIDRPGbeta_v16_heavy_reports_2/beta-v16-reports/character_transformation.md,flattened_from_previous_compile,30091,af2f54de9d4f383df9a450fc5922ee951703a31c37e622a745275bd0cd0b6785
Tests/character_transformation_failures.json,Tests/Harness Regression and Reports/AIDRPGbeta_v16_heavy_reports_2/beta-v16-reports/character_transformation_failures.json,flattened_from_previous_compile,57671,893c549916a216c2d624451c0a25dea9f2e432779b4f2698c0cbd51e0067fae7
Tests/combat_ext.json,Tests/Harness Regression and Reports/AIDRPGbeta_v16_heavy_reports_2/beta-v16-reports/combat_ext.json,flattened_from_previous_compile,572767,2c8c49814d2858635a181d5199767fbe1cee7f389c1c160cd04f4933aee3b6cf
Tests/combat_ext.md,Tests/Harness Regression and Reports/AIDRPGbeta_v16_heavy_reports_2/beta-v16-reports/combat_ext.md,flattened_from_previous_compile,366,22dccf6d17c5d423ceb2346e2828ae8b938ca51665bf976de97bf294c488e45c
Tests/custom_deep.log,Tests/Harness Regression and Reports/AIDRPGbeta_v16_heavy_reports_2/beta-v16-reports/custom_deep.log,flattened_from_previous_compile,5196,31ee6f328791ee6519d69be1687b38c3c1adda6716ed9c3802bd883389c21a94
Tests/custom_deep_results.json,Tests/Harness Regression and Reports/AIDRPGbeta_v16_heavy_reports_2/beta-v16-reports/custom_deep_results.json,flattened_from_previous_compile,270942,6ae5d522060f9b5bd36a7fba39d7f7ebf02319195c6a926afdd7514ad16b43f0
Tests/death_boundary_ext.json,Tests/Harness Regression and Reports/AIDRPGbeta_v16_heavy_reports_2/beta-v16-reports/death_boundary_ext.json,flattened_from_previous_compile,799757,1f9da95cd6ec576f74f70b695e929e346fdeb54253aad56d3d41f08018612af3
Tests/death_boundary_ext.md,Tests/Harness Regression and Reports/AIDRPGbeta_v16_heavy_reports_2/beta-v16-reports/death_boundary_ext.md,flattened_from_previous_compile,374,a0290832e645f88457615862583720c5e2376506f3e8d11b0e5fe502f1047b80
Tests/economy_ext.json,Tests/Harness Regression and Reports/AIDRPGbeta_v16_heavy_reports_2/beta-v16-reports/economy_ext.json,flattened_from_previous_compile,373247,658f3f529f2abbc14d305db6d3ba519bdc19e4eceeda1821790f1ac643f03a86
Tests/economy_ext.md,Tests/Harness Regression and Reports/AIDRPGbeta_v16_heavy_reports_2/beta-v16-reports/economy_ext.md,flattened_from_previous_compile,367,3b81de9873ec7493474ac6b7f4e91f886c0c0ce72902ed2a9a5d698655429b70
Tests/final_canon.json,Tests/Harness Regression and Reports/AIDRPGbeta_v16_heavy_reports_2/beta-v16-reports/final_canon.json,flattened_from_previous_compile,422493,2fdde342e61a3642cd3b92b1b07232ee2ef8836f9c1f9d64f3fc1f2653636ec9
Tests/final_canon.log,Tests/Harness Regression and Reports/AIDRPGbeta_v16_heavy_reports_2/beta-v16-reports/final_canon.log,flattened_from_previous_compile,239,ae7820ae61cfcec8f746adb3928b4ac6f7d2d0102d8f9592ada3d3dc4147398a
Tests/final_canon.md,Tests/Harness Regression and Reports/AIDRPGbeta_v16_heavy_reports_2/beta-v16-reports/final_canon.md,flattened_from_previous_compile,158771,1e70360cc9a0a19d50bd47c50dcf203b941cf961bcc646de80646093ff9a92a6
Tests/final_canon_failures.json,Tests/Harness Regression and Reports/AIDRPGbeta_v16_heavy_reports_2/beta-v16-reports/final_canon_failures.json,flattened_from_previous_compile,338025,9db0a227c3ab804891552485de387eef3232d6967d19ec34f04ab342db63a9c0
Tests/final_perfect_stress.json,Tests/Harness Regression and Reports/AIDRPGbeta_v16_heavy_reports_2/beta-v16-reports/final_perfect_stress.json,flattened_from_previous_compile,422491,32c44565d0f1d5938a97ba54b464cd2dce4c71d3c383306c3f5a5e34e3a3ae9b
Tests/final_perfect_stress.md,Tests/Harness Regression and Reports/AIDRPGbeta_v16_heavy_reports_2/beta-v16-reports/final_perfect_stress.md,flattened_from_previous_compile,158770,68499885d99fa0931ee2ddb88643f6a47c876a9ef2adf53974adc1dcccd40b13
Tests/final_perfect_stress_failures.json,Tests/Harness Regression and Reports/AIDRPGbeta_v16_heavy_reports_2/beta-v16-reports/final_perfect_stress_failures.json,flattened_from_previous_compile,338025,68ff2c554b8819c8480f2264b4eaaccef64a6e6c45c01b6b3aae118124754606
Tests/goal_persistence.json,Tests/Harness Regression and Reports/AIDRPGbeta_v16_heavy_reports_2/beta-v16-reports/goal_persistence.json,flattened_from_previous_compile,316038,bc2a18962455ba56fa5881e0bc3b0ec6fc1d8cdf754ca83e5529b1c2f6ddcec3
Tests/goal_persistence.md,Tests/Harness Regression and Reports/AIDRPGbeta_v16_heavy_reports_2/beta-v16-reports/goal_persistence.md,flattened_from_previous_compile,43592,0349dc988fe22e7c07c3cf74a99dfb5ddd8858fc551185dd741cb149742d0d59
Tests/goal_persistence_failures.json,Tests/Harness Regression and Reports/AIDRPGbeta_v16_heavy_reports_2/beta-v16-reports/goal_persistence_failures.json,flattened_from_previous_compile,83316,819342857caa22831d8710819fc408ac3f2992ee58c445b77b58cc5344ee8957
Tests/group_counts.json,Tests/Harness Regression and Reports/AIDRPGbeta_v16_heavy_reports_2/beta-v16-reports/group_counts.json,flattened_from_previous_compile,231976,007aab94a31f2a5e83c15576510e5dc65e214c5fa71018a17f49c267f383727d
Tests/group_counts.log,Tests/Harness Regression and Reports/AIDRPGbeta_v16_heavy_reports_2/beta-v16-reports/group_counts.log,flattened_from_previous_compile,239,b576181d7913e24ffc216fe69429753a706f01b7d08bce6bd8cbd26c987ee5c9
Tests/group_counts.md,Tests/Harness Regression and Reports/AIDRPGbeta_v16_heavy_reports_2/beta-v16-reports/group_counts.md,flattened_from_previous_compile,96403,68942f39cae5c85023cd155e79115177b384135bc7538dda7ebc64e5485c4c03
Tests/group_counts_failures.json,Tests/Harness Regression and Reports/AIDRPGbeta_v16_heavy_reports_2/beta-v16-reports/group_counts_failures.json,flattened_from_previous_compile,218644,7b0915e8e0e342504619579fc93351e4620d1b31a643a69e41d4da4245222618
Tests/healing_ext.json,Tests/Harness Regression and Reports/AIDRPGbeta_v16_heavy_reports_2/beta-v16-reports/healing_ext.json,flattened_from_previous_compile,613849,c8915d67405be83ac9268cd9feb556d583caefec688a8871e3757b3ef683f35f
Tests/healing_ext.md,Tests/Harness Regression and Reports/AIDRPGbeta_v16_heavy_reports_2/beta-v16-reports/healing_ext.md,flattened_from_previous_compile,367,6f7acc821e34f82b7e8664613b0c97fd412acffed50e862dc50346927d0abfc1
Tests/injury_ext.json,Tests/Harness Regression and Reports/AIDRPGbeta_v16_heavy_reports_2/beta-v16-reports/injury_ext.json,flattened_from_previous_compile,627229,e03a4fb2bc79aff5368b3094b89cbfebb5a0f5bf2817ac4b2d283c464ab329cf
Tests/injury_ext.log,Tests/Harness Regression and Reports/AIDRPGbeta_v16_heavy_reports_2/beta-v16-reports/injury_ext.log,flattened_from_previous_compile,166,416b64bed4cda8409635b7036251de0255a3d310a6aa3ef923ffb186e78424b1
Tests/injury_ext.md,Tests/Harness Regression and Reports/AIDRPGbeta_v16_heavy_reports_2/beta-v16-reports/injury_ext.md,flattened_from_previous_compile,366,e8b22bc8c1846186d997ae9901c3db5fbbf9c7bcf253a2c0a13918ed93e11aec
Tests/inventory_ext.json,Tests/Harness Regression and Reports/AIDRPGbeta_v16_heavy_reports_2/beta-v16-reports/inventory_ext.json,flattened_from_previous_compile,278943,7be8ba4c3d8973b4a00f37eec4648948028c5ef8a6c13f2295992000acc58e3d
Tests/inventory_ext.log,Tests/Harness Regression and Reports/AIDRPGbeta_v16_heavy_reports_2/beta-v16-reports/inventory_ext.log,flattened_from_previous_compile,166,94836523142108b16905fb96184e481f4b36ea2d145a42c11864e835848a8119
Tests/inventory_ext.md,Tests/Harness Regression and Reports/AIDRPGbeta_v16_heavy_reports_2/beta-v16-reports/inventory_ext.md,flattened_from_previous_compile,369,cdc4dc4767b69562214e19f0efb999563e53e9e91a3c8504ca07764198f3e313
Tests/layout_persistence.json,Tests/Harness Regression and Reports/AIDRPGbeta_v16_heavy_reports_2/beta-v16-reports/layout_persistence.json,flattened_from_previous_compile,60648,a288e434309bc68aa44f6bbe9517832604e064dbdf19ebb8ad4b91469341af62
Tests/layout_persistence.log,Tests/Harness Regression and Reports/AIDRPGbeta_v16_heavy_reports_2/beta-v16-reports/layout_persistence.log,flattened_from_previous_compile,164,31fe2a3f3931c7c9f830b97b37c8a1a015546069f821c513854c0820e9c09c9f
Tests/layout_persistence.md,Tests/Harness Regression and Reports/AIDRPGbeta_v16_heavy_reports_2/beta-v16-reports/layout_persistence.md,flattened_from_previous_compile,376,e33ed649699f53c9101cd35410c9868bcbad89439112c82475be109f5dac10b2
Tests/map_continuity.json,Tests/Harness Regression and Reports/AIDRPGbeta_v16_heavy_reports_2/beta-v16-reports/map_continuity.json,flattened_from_previous_compile,316038,134087f70e7074c8af625b7dde35640263aea3028e5e8867ab9c4ac3510f00ec
Tests/map_continuity.log,Tests/Harness Regression and Reports/AIDRPGbeta_v16_heavy_reports_2/beta-v16-reports/map_continuity.log,flattened_from_previous_compile,239,ef37a73b22b27438d107e5cbf9f272c1516585e86435f7a98e3d57c600144311
Tests/map_continuity.md,Tests/Harness Regression and Reports/AIDRPGbeta_v16_heavy_reports_2/beta-v16-reports/map_continuity.md,flattened_from_previous_compile,43590,b07c40ff7767adb6549eb0c657e7c1f2e6be9a1032e58566845687b46e1d6440
Tests/map_continuity_failures.json,Tests/Harness Regression and Reports/AIDRPGbeta_v16_heavy_reports_2/beta-v16-reports/map_continuity_failures.json,flattened_from_previous_compile,83316,721964c83dc91675dcb158b74517089c1e433d1fb23c6207891a99f8b937d99a
Tests/map_randomization.json,Tests/Harness Regression and Reports/AIDRPGbeta_v16_heavy_reports_2/beta-v16-reports/map_randomization.json,flattened_from_previous_compile,43281,dbf23f11fc84b9d1e33fe8d8c0b46a4bd1418ed25e918716a966a9ddd47f411e
Tests/map_randomization.md,Tests/Harness Regression and Reports/AIDRPGbeta_v16_heavy_reports_2/beta-v16-reports/map_randomization.md,flattened_from_previous_compile,375,781c72c76875b924bb02fd92d676b5f242a1f27e9b39b9b830afd5e5141fad35
Tests/named_entities.json,Tests/Harness Regression and Reports/AIDRPGbeta_v16_heavy_reports_2/beta-v16-reports/named_entities.json,flattened_from_previous_compile,56144,16bf90eaff33b37202d3b2930f3af66d2c3be4d0c3c671a679153cd6dadb5474
Tests/named_entities.log,Tests/Harness Regression and Reports/AIDRPGbeta_v16_heavy_reports_2/beta-v16-reports/named_entities.log,flattened_from_previous_compile,237,6eb7aecc5d6911d9359cc48dec1d6c38d765056be5e0717a9476cc6b3c5a8519
Tests/named_entities.md,Tests/Harness Regression and Reports/AIDRPGbeta_v16_heavy_reports_2/beta-v16-reports/named_entities.md,flattened_from_previous_compile,17111,43effcc438826c22ab0e30fb97a4a740c13ada8e8f26609d3c625764c67354dc
Tests/named_entities_failures.json,Tests/Harness Regression and Reports/AIDRPGbeta_v16_heavy_reports_2/beta-v16-reports/named_entities_failures.json,flattened_from_previous_compile,31894,ac0d761211ad9e8489f099a83987dfa76bc06e132e8e334820e422049819ee92
Tests/named_location.json,Tests/Harness Regression and Reports/AIDRPGbeta_v16_heavy_reports_2/beta-v16-reports/named_location.json,flattened_from_previous_compile,93092,f723767b5e28dbb1c93c59b1293e78cfd42b8b79ca46a139616abfff3858da99
Tests/named_location.log,Tests/Harness Regression and Reports/AIDRPGbeta_v16_heavy_reports_2/beta-v16-reports/named_location.log,flattened_from_previous_compile,164,e450a3e31b1520ea330fa6ce35d99a62bdb2b5c9c6c83e661c919de814a9175a
Tests/named_location.md,Tests/Harness Regression and Reports/AIDRPGbeta_v16_heavy_reports_2/beta-v16-reports/named_location.md,flattened_from_previous_compile,372,e0f8abba2621b57673f794cee65047d0140c2943fffca2e1644c1dffc7244fa7
Tests/negative_ext.json,Tests/Harness Regression and Reports/AIDRPGbeta_v16_heavy_reports_2/beta-v16-reports/negative_ext.json,flattened_from_previous_compile,1188522,25133f3e2bfaa54213e36bd03f78949da742c421c0245fe7ace951d5ce02a5ee
Tests/negative_ext.log,Tests/Harness Regression and Reports/AIDRPGbeta_v16_heavy_reports_2/beta-v16-reports/negative_ext.log,flattened_from_previous_compile,168,e0344c353f4f874d56e08af435dbabf7bb1132bc6a8099735d74890aa6d8e07c
Tests/negative_ext.md,Tests/Harness Regression and Reports/AIDRPGbeta_v16_heavy_reports_2/beta-v16-reports/negative_ext.md,flattened_from_previous_compile,370,c4459bae094eca2012ffb923d13ce3aa048b2ddaf3059109933edd164d5caad3
Tests/npc_deep_ext.json,Tests/Harness Regression and Reports/AIDRPGbeta_v16_heavy_reports_2/beta-v16-reports/npc_deep_ext.json,flattened_from_previous_compile,305384,44da4f64589c8895a12fa66cda3665f02137f3c63076bac7af5ac0736ca83bd6
Tests/npc_deep_ext.log,Tests/Harness Regression and Reports/AIDRPGbeta_v16_heavy_reports_2/beta-v16-reports/npc_deep_ext.log,flattened_from_previous_compile,166,0308b630e99106a9df03f64655c82f4d6ad3ba75fb0f894d6340181b65af6352
Tests/npc_deep_ext.md,Tests/Harness Regression and Reports/AIDRPGbeta_v16_heavy_reports_2/beta-v16-reports/npc_deep_ext.md,flattened_from_previous_compile,358,e5457f5b2d96d564336281bc861ced01cc23f1e41c746ba6361b926ef9fed8d1
Tests/regressions.json,Tests/Harness Regression and Reports/AIDRPGbeta_v16_heavy_reports_2/beta-v16-reports/regressions.json,flattened_from_previous_compile,1219048,7311fd24bd01ba8f54b15134cefce9e915ee6d5910d4a37716b34cf00649c190
Tests/regressions.log,Tests/Harness Regression and Reports/AIDRPGbeta_v16_heavy_reports_2/beta-v16-reports/regressions.log,flattened_from_previous_compile,242,5693888eb5c08941fc3426966dcfbe1fd585e3993b30c5fb36279dcebdc598a6
Tests/regressions.md,Tests/Harness Regression and Reports/AIDRPGbeta_v16_heavy_reports_2/beta-v16-reports/regressions.md,flattened_from_previous_compile,260589,ed2b801b9dfb308c5bddd97536a16b655a924678448261978f5cf9afd9b0354f
Tests/regressions_failures.json,Tests/Harness Regression and Reports/AIDRPGbeta_v16_heavy_reports_2/beta-v16-reports/regressions_failures.json,flattened_from_previous_compile,405633,1ab1ee7d6e61eecba2292667a82840b11eb8b88b9383cbc23206199e90bd1197
Tests/reputation_delay.json,Tests/Harness Regression and Reports/AIDRPGbeta_v16_heavy_reports_2/beta-v16-reports/reputation_delay.json,flattened_from_previous_compile,36469,ac28c94ff5dd26afc854fb6bb31bfb16f91f22818f353b7883c00b32778636c2
Tests/reputation_delay.log,Tests/Harness Regression and Reports/AIDRPGbeta_v16_heavy_reports_2/beta-v16-reports/reputation_delay.log,flattened_from_previous_compile,237,0b912df3339da8b6f8b46244b4f1ceb165224231302daca99f300202d70bcb7a
Tests/reputation_delay.md,Tests/Harness Regression and Reports/AIDRPGbeta_v16_heavy_reports_2/beta-v16-reports/reputation_delay.md,flattened_from_previous_compile,15962,ea990edbc9dd026663dc1c1b2aee7d91a5487f66fca44061636cba778aa0d3eb
Tests/reputation_delay_failures.json,Tests/Harness Regression and Reports/AIDRPGbeta_v16_heavy_reports_2/beta-v16-reports/reputation_delay_failures.json,flattened_from_previous_compile,29828,e9a4cdf9e1d4a6b3328136d1918fbfdcf86c9a218e88bde55c81e5ea78432116
Tests/route_time.json,Tests/Harness Regression and Reports/AIDRPGbeta_v16_heavy_reports_2/beta-v16-reports/route_time.json,flattened_from_previous_compile,119035,d6057dfe4d02d667288946c6636293116a86c2a7610dccdb076e5a029a70503d
Tests/route_time.log,Tests/Harness Regression and Reports/AIDRPGbeta_v16_heavy_reports_2/beta-v16-reports/route_time.log,flattened_from_previous_compile,237,42269a0502206d476eb8b3b80ab8c7dd0fdef859a8bd5c771580fbd0047a2c3a
Tests/route_time.md,Tests/Harness Regression and Reports/AIDRPGbeta_v16_heavy_reports_2/beta-v16-reports/route_time.md,flattened_from_previous_compile,43584,6050d1bb21a9e61927b97ce17cb9d4ea7d884ce28208cec7e72214ff1a558b2b
Tests/route_time_failures.json,Tests/Harness Regression and Reports/AIDRPGbeta_v16_heavy_reports_2/beta-v16-reports/route_time_failures.json,flattened_from_previous_compile,83316,eef7c37eb842a64c8167f1f57a069d2f06356b87c40d2d96c3543a176de70512
Tests/sandbox_guards.json,Tests/Harness Regression and Reports/AIDRPGbeta_v16_heavy_reports_2/beta-v16-reports/sandbox_guards.json,flattened_from_previous_compile,14939,659e56103f0e5a5b1f216e49f70ec9ac0ca89bc7180cc1992c58ecbea509054d
Tests/sandbox_guards.log,Tests/Harness Regression and Reports/AIDRPGbeta_v16_heavy_reports_2/beta-v16-reports/sandbox_guards.log,flattened_from_previous_compile,164,f741d512de4be06f86f624ac71785c02857474767c1b34f73b773e2ffbc8d2e3
Tests/sandbox_guards.md,Tests/Harness Regression and Reports/AIDRPGbeta_v16_heavy_reports_2/beta-v16-reports/sandbox_guards.md,flattened_from_previous_compile,362,fb0c9642b61eaa6fee486fbba8c8ac65f61b1d9f392b71407bd7136a5255854d
Tests/scene_ext.json,Tests/Harness Regression and Reports/AIDRPGbeta_v16_heavy_reports_2/beta-v16-reports/scene_ext.json,flattened_from_previous_compile,459360,82a93b05a65100744c926816a43ad554b1657fbff498f8a061ea6a0b02cf575e
Tests/scene_ext.log,Tests/Harness Regression and Reports/AIDRPGbeta_v16_heavy_reports_2/beta-v16-reports/scene_ext.log,flattened_from_previous_compile,168,e3ba111e5ba4be9d6ecfb9e779824dfbd4a142f3cf9674d7e52ee513d02682d6
Tests/time_ext.json,Tests/Harness Regression and Reports/AIDRPGbeta_v16_heavy_reports_2/beta-v16-reports/time_ext.json,flattened_from_previous_compile,210889,de329a0e4023100b2614e1e1daf0b07167d4c8a6ef380c365420beac3be3d139
Tests/time_ext.md,Tests/Harness Regression and Reports/AIDRPGbeta_v16_heavy_reports_2/beta-v16-reports/time_ext.md,flattened_from_previous_compile,364,83e02778ee58e4b983e77d3f093d441662489feda5e0b503c6a61bad23002ca3
Tests/true_adventure.json,Tests/Harness Regression and Reports/AIDRPGbeta_v16_heavy_reports_2/beta-v16-reports/true_adventure.json,flattened_from_previous_compile,1253220,abb37a0cc5354cc7a1da5376901eb88b0da85ff3157b502716d403e83ee434ed
Tests/true_adventure.log,Tests/Harness Regression and Reports/AIDRPGbeta_v16_heavy_reports_2/beta-v16-reports/true_adventure.log,flattened_from_previous_compile,242,dc4cbe8ffdb6c2f79ca09e5afb46add26b2af9ccba0477cbcf8c5f5ee27522b6
Tests/true_adventure.md,Tests/Harness Regression and Reports/AIDRPGbeta_v16_heavy_reports_2/beta-v16-reports/true_adventure.md,flattened_from_previous_compile,122189,57637cc7468e186b000f00ff4f2e5b9b89fbe703298ebcd93df6f6636fdd915f
Tests/true_adventure_failures.json,Tests/Harness Regression and Reports/AIDRPGbeta_v16_heavy_reports_2/beta-v16-reports/true_adventure_failures.json,flattened_from_previous_compile,232782,8fd76e991f3f6aac51c41c955d3af393352c25b431e6d2073286d38c45050aaf
Tests/ultimate_final.json,Tests/Harness Regression and Reports/AIDRPGbeta_v16_heavy_reports_2/beta-v16-reports/ultimate_final.json,flattened_from_previous_compile,422491,9ad217f9348391e2ec49e36918f2b3284fa09410624ef0bccaa489acf88e8638
Tests/ultimate_final.md,Tests/Harness Regression and Reports/AIDRPGbeta_v16_heavy_reports_2/beta-v16-reports/ultimate_final.md,flattened_from_previous_compile,158764,5f4da5050435a641a4e67152013564318159918dc681ddb2bea5502b379b05f6
Tests/ultimate_final_failures.json,Tests/Harness Regression and Reports/AIDRPGbeta_v16_heavy_reports_2/beta-v16-reports/ultimate_final_failures.json,flattened_from_previous_compile,338025,bfdf407be1c32f53f9bc4efe98af9e36f9e979486785fa610a64de4480356024
Tests/wrapper_compat.json,Tests/Harness Regression and Reports/AIDRPGbeta_v16_heavy_reports_2/beta-v16-reports/wrapper_compat.json,flattened_from_previous_compile,3218,534709622ba5a9323641f524838d14d7d4ddfa7a6bfb522a6c9c68de3f3e8d44
Tests/wrapper_compat.log,Tests/Harness Regression and Reports/AIDRPGbeta_v16_heavy_reports_2/beta-v16-reports/wrapper_compat.log,flattened_from_previous_compile,164,3b63c60f502f733fb3e0190bcb9caeeb424beb10806530d6ad35932d9c0b3780
Tests/wrapper_compat.md,Tests/Harness Regression and Reports/AIDRPGbeta_v16_heavy_reports_2/beta-v16-reports/wrapper_compat.md,flattened_from_previous_compile,362,ab15a1014dc18670e68846623e358d289b50a75d4c5adad1510a31cf86930d3c
Tests/AIDRPGv1-1-6-cleanpass(2).txt,Tests/Harness Regression and Reports/AIDRPGv1-1-6-cleanpass(2).txt,flattened_from_previous_compile,949746,cf3e04772044adff9f480f4a45ab7523d0494c08446e396eb0b0fb09a9aed05a
Tests/AIDRPGv1-1-8-final-hardening-cleanpass.txt,Tests/Harness Regression and Reports/AIDRPGv1-1-8-final-hardening-cleanpass.txt,flattened_from_previous_compile,872721,01e90c6f77782c625117c6de0a5be0b3b093f435e6fcbc793eaf0ff7207fc7d2
Tests/aidrpgv1-8-5_FINAL_QA_RELEASE.txt,Tests/Harness Regression and Reports/aidrpgv1-8-5_FINAL_QA_RELEASE.txt,flattened_from_previous_compile,1203150,3b94b19fef60fb635f0e6141ceacba1f39e46b83358248c05cdfc70d02d0df4a
Tests/c25u1-expanded-combined.json,Tests/Harness Regression and Reports/c25u1-expanded-combined.json,flattened_from_previous_compile,17329,e37babdb9e75214c1d97605a93118a982fd8f3937facb0a7b21cdf0c4ec6d379
Tests/c25u1.txt,Tests/Harness Regression and Reports/c25u1.txt,flattened_from_previous_compile,474223,835197c7c9c398f02bc5edb762abfd63f9f4cb77d88f8371d6d66b5087cfda63
Tests/c25u1_final_stress_summary.md,Tests/Harness Regression and Reports/c25u1_final_stress_summary.md,flattened_from_previous_compile,30970,02249c570306ca34b0b69db46a44894ab0fe2589e05b76f433bc0e00d5160b34
Tests/c25u2-expanded-summary.md,Tests/Harness Regression and Reports/c25u2-expanded-summary.md,flattened_from_previous_compile,1429,cef3e1992e1e8fe8128b983aa43b979cdb6f594171fdec7103676add8509d125
Tests/c25u2.txt,Tests/Harness Regression and Reports/c25u2.txt,flattened_from_previous_compile,484685,04b192eb58f90c33352e22bd84cd7a3bb478a32efbb64df2fa00ca4da3c10fb9
Tests/c25u2_final_stress_summary.md,Tests/Harness Regression and Reports/c25u2_final_stress_summary.md,flattened_from_previous_compile,3700,6eeff57e2235d87de14cf6874b6a7857d8436a782a516c8d573d5b6a7310d36b
Tests/c25u3.txt,Tests/Harness Regression and Reports/c25u3.txt,flattened_from_previous_compile,489228,8fd17638783117cb9eed9a25eea49718580ac5421a7c00afebcaed402822d285
Tests/c25u5-expanded-summary.md,Tests/Harness Regression and Reports/c25u5-expanded-summary.md,flattened_from_previous_compile,3142,e77f6ce6ad82874c7123acdacaea284167693fd751e0e2ca1021e2ca69aad36f
Tests/c25u6.txt,Tests/Harness Regression and Reports/c25u6.txt,flattened_from_previous_compile,534661,c7e204ed64292e1d0338deec09e499654976ef6902f8c220f29722cee559bf53
Tests/RPGStartFinal.txt,Tests/Harness Regression and Reports/Oldaidrpgtestsandresults/AIDRPG_current_compile_uploads_only/RPGStartFinal.txt,flattened_from_previous_compile,813500,322b46614b3b522e1db9158f8b297410d887d7b09fb963f893df102beaa382e0
Tests/TASIS_Master_Roadmap.txt,Tests/Harness Regression and Reports/Oldaidrpgtestsandresults/AIDRPG_current_compile_uploads_only/TASIS_Master_Roadmap.txt,flattened_from_previous_compile,2686,c7873a0b43ee77a56ce8a5a17d258503d46f5fcf41daea4979c9308cf8bd6ef2
Tests/v116-combined-progress-results(1).md,Tests/Harness Regression and Reports/v116-combined-progress-results(1).md,flattened_from_previous_compile,16632,bb180952cdafc4e684366bd2eb823461c3b582576d569cc957949bc49298c7d7
Tests/WorldLedger_Build7_4A_Tester_Regression_Coverage_Map.md,Tests/Harness Regression and Reports/WorldLedger_Build7_4A_Tester_Regression_Coverage_Map.md,flattened_from_previous_compile,28291,b0d4a0e881244316892b551059c83ecd2172be048a3847f67f847ff4cdec515c
Tests/WorldLedger_Build7_4B_Tester_Source_Integration_Map.md,Tests/Harness Regression and Reports/WorldLedger_Build7_4B_Tester_Source_Integration_Map.md,flattened_from_previous_compile,11864,1edc367e200709d7d90ab8d7eb834fe701bc622fa22dfb6caff33f63bb0b9be8
Tests/WorldLedger_CleanCore_Build7_7_TestHarnessAcceptanceImport.txt,Tests/Harness Regression and Reports/WorldLedger_CleanCore_Build7_7_TestHarnessAcceptanceImport.txt,flattened_from_previous_compile,342220,52030ca7ca6122f65225c66df53851901835d8154df4d20a1cfab62e0746f41a
Tests/25_AIDRPG_Production_Chunk_25_Final_Assembly_QA_Matrix_Migration_Locks_and_Release_Candidate_Handoff.txt,Tests/Harness Regression and Reports/WorldLedger_CORE_FIRST_CURRENT_PLANNING_RESOURCE/07_TEST_ACCEPTANCE_AND_REGRESSION_RESOURCES/AIDRPG_Final_Build_Planning_Package_v1_4_23_REPAIRED_FINAL_WITH_PRODUCTION_CHUNKS_01_TO_25/40_Production_Roadmap/25_AIDRPG_Production_Chunk_25_Final_Assembly_QA_Matrix_Migration_Locks_and_Release_Candidate_Handoff.txt,flattened_from_previous_compile,17041,611e807b15941cbfcf1111152272869f403e28b78e759e53a0ea9d648ba7e32e
Tests/06_Chunk_01_Acceptance_Report.md,Tests/Harness Regression and Reports/WorldLedger_CORE_FIRST_CURRENT_PLANNING_RESOURCE/07_TEST_ACCEPTANCE_AND_REGRESSION_RESOURCES/WorldLedgerV1_1_CORE_CARD_SYSTEM_CHUNK_01_OUTCOME_LOCK_PACKAGE/WorldLedgerV1_1_Chunk01_OutcomeLock/06_Chunk_01_Acceptance_Report.md,flattened_from_previous_compile,1895,26699d74a98753a3e36ff07f7d95fd165d3f47fbd0fa47bc1ac6a9baeae081de
Tests/AIDRPG_Design_Bible_Chunk_17_Commands_Player_Controls_Debug_Tools_Configuration_and_Testi.txt,Tests/Other Test Materials/AIDRPG_Final_Build_Planning_Package_v1_4_12_WITH_PRODUCTION_CHUNKS_01_TO_15/40_Previous_Master_Package_v1_3_ROADMAP_GAP_ALIGNED_EXTRACTED/01_Repaired_Design_Bible_33_Chunks/AIDRPG_Design_Bible_Chunk_17_Commands_Player_Controls_Debug_Tools_Configuration_and_Testi.txt,flattened_from_previous_compile,43409,b3bbbc0a7010c88e2dddb57a6956589e680e3be0a7e2c5dcbd639418bcd242b9
Tests/01_AIDRPG_Developer_Spec_v1.txt,Tests/Other Test Materials/AIDRPG_Final_Build_Planning_Package_v1_4_12_WITH_PRODUCTION_CHUNKS_01_TO_15/40_Previous_Master_Package_v1_3_ROADMAP_GAP_ALIGNED_EXTRACTED/02_Developer_Build_Test_and_Formula_Specs/01_AIDRPG_Developer_Spec_v1.txt,flattened_from_previous_compile,43063,28e0468b6143dcb39ac147d16ac7f5143dce6af813a89b185f6327d7ac383a1e
Tests/02_AIDRPG_Developer_Spec_v1_1_Correction_Pass.txt,Tests/Other Test Materials/AIDRPG_Final_Build_Planning_Package_v1_4_12_WITH_PRODUCTION_CHUNKS_01_TO_15/40_Previous_Master_Package_v1_3_ROADMAP_GAP_ALIGNED_EXTRACTED/02_Developer_Build_Test_and_Formula_Specs/02_AIDRPG_Developer_Spec_v1_1_Correction_Pass.txt,flattened_from_previous_compile,30009,69e487b7e8d69ef20d7dd140fbff29a2d00c9d8cefb66251fe330690dbf23451
Tests/03_AIDRPG_MVP_Build_Spec_v1.txt,Tests/Other Test Materials/AIDRPG_Final_Build_Planning_Package_v1_4_12_WITH_PRODUCTION_CHUNKS_01_TO_15/40_Previous_Master_Package_v1_3_ROADMAP_GAP_ALIGNED_EXTRACTED/02_Developer_Build_Test_and_Formula_Specs/03_AIDRPG_MVP_Build_Spec_v1.txt,flattened_from_previous_compile,40323,76ecb0e092eef2604cc1dd07c6a91cc99f4ae1d838f2afa1a9c1b60bc9c4bc13
Tests/04_AIDRPG_Test_Spec_v1.txt,Tests/Other Test Materials/AIDRPG_Final_Build_Planning_Package_v1_4_12_WITH_PRODUCTION_CHUNKS_01_TO_15/40_Previous_Master_Package_v1_3_ROADMAP_GAP_ALIGNED_EXTRACTED/02_Developer_Build_Test_and_Formula_Specs/04_AIDRPG_Test_Spec_v1.txt,flattened_from_previous_compile,36967,7b32c89957d93b2bc6c790eff451f06aeec8a0079ba6682c23f95e89750fcbf6
Tests/05_AIDRPG_Formula_Appendix_v1.txt,Tests/Other Test Materials/AIDRPG_Final_Build_Planning_Package_v1_4_12_WITH_PRODUCTION_CHUNKS_01_TO_15/40_Previous_Master_Package_v1_3_ROADMAP_GAP_ALIGNED_EXTRACTED/02_Developer_Build_Test_and_Formula_Specs/05_AIDRPG_Formula_Appendix_v1.txt,flattened_from_previous_compile,33853,d2d42cf032e2cf29ca03b803a9253d4ddb215ca272ad7f994f3b4d662f3e9439
Tests/WorldLedgerV1.1.0_CLEAN_FINAL_PLAYTEST_CANDIDATE_LIBRARY.txt,Tests/Other Test Materials/WorldLedger_CORE_FIRST_CURRENT_PLANNING_RESOURCE/05_SALVAGE_REFERENCE_NOT_ACTIVE_BASE/WorldLedgerV1.1.0_CLEAN_FINAL_PLAYTEST_CANDIDATE_LIBRARY.txt,flattened_from_previous_compile,2394466,180bbf631626826c30bd18576f3684cd6935f012dfb09460802e9ba3612970a7
Tests/progress__8ea6ff9c.ndjson,Tests/Static Audits and Smoke Results/aidrpg-ai-dungeon-mimic-tester-v1.4.1-safe_2/aidrpg-final-ai-dungeon-stress-tester-v1.4/reports/validation-smoke/progress.ndjson,flattened_from_previous_compile,1850,8ea6ff9c4771243fd7e4b2cdce8e9b1dab3a54df96659190c0fab82926a026a0
Tests/results.json,Tests/Static Audits and Smoke Results/aidrpg-ai-dungeon-mimic-tester-v1.4.1-safe_2/aidrpg-final-ai-dungeon-stress-tester-v1.4/reports/validation-smoke/results.json,flattened_from_previous_compile,2,4f53cda18c2baa0c0354bb5f9a3ecbe5ed12ab4d8e11ba873c2f11161202b945
Tests/summary__19d1e3cc.json,Tests/Static Audits and Smoke Results/aidrpg-ai-dungeon-mimic-tester-v1.4.1-safe_2/aidrpg-final-ai-dungeon-stress-tester-v1.4/reports/validation-smoke/summary.json,flattened_from_previous_compile,484,19d1e3cc063e88054c218cdc92ff4140782a2386c381dcff8f4291b5c7e86fe4
Tests/summary__54fd5009.md,Tests/Static Audits and Smoke Results/aidrpg-ai-dungeon-mimic-tester-v1.4.1-safe_2/aidrpg-final-ai-dungeon-stress-tester-v1.4/reports/validation-smoke/summary.md,flattened_from_previous_compile,476,54fd5009e950396bd3e79576a9f82022dfee43db9fbe9ba72806767c0ce2d591
Tests/basic-smoke.json,Tests/Static Audits and Smoke Results/aidrpg-ai-dungeon-mimic-tester-v1.4.1-safe_2/aidrpg-final-ai-dungeon-stress-tester-v1.4/suites/smoke/basic-smoke.json,flattened_from_previous_compile,2871,1eb2f165913f376e6b0b03230382e0f933ca9e9473c32b051ead71f39a0e07d3
Tests/07_AIDRPG_Build_Chunk_07_AuditLogger_and_OperationLedger_Implementation_Plan.txt,Tests/Static Audits and Smoke Results/AIDRPG_Final_Build_Planning_Package_v1_4_12_WITH_PRODUCTION_CHUNKS_01_TO_15/20_Build_Chunks_01_to_17/07_AIDRPG_Build_Chunk_07_AuditLogger_and_OperationLedger_Implementation_Plan.txt,flattened_from_previous_compile,30869,4e552c0d8d8aa54557d6da3199c808a5d953f064988c8f6f5c5916b77437a9f6
Tests/smoke.json,Tests/Static Audits and Smoke Results/AIDRPGbeta_v16_heavy_reports_2/beta-v16-reports/smoke.json,flattened_from_previous_compile,52631,1a45910d64ba763a287fbeb4b0873bf2556656d5e480f31fe8aed7db1877deeb
Tests/smoke.log,Tests/Static Audits and Smoke Results/AIDRPGbeta_v16_heavy_reports_2/beta-v16-reports/smoke.log,flattened_from_previous_compile,164,a45ebf50eee0850b6ab2ae91234bdd3ac4b02ef2e2aeda22615969180d79ce81
Tests/smoke.md,Tests/Static Audits and Smoke Results/AIDRPGbeta_v16_heavy_reports_2/beta-v16-reports/smoke.md,flattened_from_previous_compile,353,d0cfc614ec3e9dfc6fe177939b616e38208ceecb9ab99e2537bc7fb77a1f8385
Tests/wl100a_r3d_smoke_results.json,Tests/Static Audits and Smoke Results/wl100a_r3d_smoke_results.json,flattened_from_previous_compile,1813,50fea8df1cd732ef3acd5aa5fd5379f91608b7813004c656286e8ba217eb871d
Tests/wl100a_r3d_static_source_audit.json,Tests/Static Audits and Smoke Results/wl100a_r3d_static_source_audit.json,flattened_from_previous_compile,2081,95fa80b8260621df81334218f0f8054bbc3d56679004baa9eb9767c57c626f5c
Tests/wl912a_build_control_smoke_results.json,Tests/Static Audits and Smoke Results/wl912a_build_control_smoke_results.json,flattened_from_previous_compile,1983,b6213430dfbf786a915fb5d6376c7e1efa3e7b0bf48e79de9a056c6e3677d4db
Tests/wl912a_static_source_audit.json,Tests/Static Audits and Smoke Results/wl912a_static_source_audit.json,flattened_from_previous_compile,2269,6133915efe8479c9e77ae3d6fc0efe8fb65892f3207f78526c973ec207644f4e
Tests/05_Card_Audit_and_ReleaseCheck_Gates.md,Tests/Static Audits and Smoke Results/WorldLedger_CORE_FIRST_CURRENT_PLANNING_RESOURCE/08_SUPPORTING_PACKAGES_AND_EXTRACTED_ARCHIVES/WorldLedgerV1_1_CORE_CARD_SYSTEM_CHUNK_01_OUTCOME_LOCK_PACKAGE/WorldLedgerV1_1_Chunk01_OutcomeLock/05_Card_Audit_and_ReleaseCheck_Gates.md,flattened_from_previous_compile,5936,8e248c69f74fbff0aea6c436501fda02058ab6a232e65a93a76659278d3a86c2
Tests/AUTHORITATIVE_CURRENT_UPLOADS.csv,Tests/Static Audits and Smoke Results/WorldLedger_CORE_FIRST_CURRENT_PLANNING_RESOURCE/99_MANIFESTS_AND_PACKAGE_AUDIT/AUTHORITATIVE_CURRENT_UPLOADS.csv,flattened_from_previous_compile,765,09d1b9e57a151b186fcb0e380e2fd69dd3591ab9b8c135cde72ba5affeb75641
Tests/DUPLICATES_SKIPPED_CORE_FIRST.csv,Tests/Static Audits and Smoke Results/WorldLedger_CORE_FIRST_CURRENT_PLANNING_RESOURCE/99_MANIFESTS_AND_PACKAGE_AUDIT/DUPLICATES_SKIPPED_CORE_FIRST.csv,flattened_from_previous_compile,1776,0f7796569b0d71130216d1c4cd234fbe295cd9e406859564865d42284a2e38c0
Tests/INCLUDED_FILES_CORE_FIRST.csv,Tests/Static Audits and Smoke Results/WorldLedger_CORE_FIRST_CURRENT_PLANNING_RESOURCE/99_MANIFESTS_AND_PACKAGE_AUDIT/INCLUDED_FILES_CORE_FIRST.csv,flattened_from_previous_compile,141119,1108d30c7835541687cba637efcc7a8f182b8ac07a45dff0c7b6db2a5d16078f
Tests/DUPLICATES_SKIPPED.csv,Tests/Static Audits and Smoke Results/WorldLedger_CORE_FIRST_CURRENT_PLANNING_RESOURCE/99_MANIFESTS_AND_PACKAGE_AUDIT/previous_package_manifests/DUPLICATES_SKIPPED.csv,flattened_from_previous_compile,111481,18debd4d658216c271701778d7f55abe8286039de378cc861d9c415125497711
Tests/INCLUDED_FILES.csv,Tests/Static Audits and Smoke Results/WorldLedger_CORE_FIRST_CURRENT_PLANNING_RESOURCE/99_MANIFESTS_AND_PACKAGE_AUDIT/previous_package_manifests/INCLUDED_FILES.csv,flattened_from_previous_compile,118630,5107656d9e696d24472a6caba2f121b22c61c49aaf7d65584cacaa206cefc1b5
Tests/ORIGINAL_ARCHIVE_INVENTORY.csv,Tests/Static Audits and Smoke Results/WorldLedger_CORE_FIRST_CURRENT_PLANNING_RESOURCE/99_MANIFESTS_AND_PACKAGE_AUDIT/previous_package_manifests/ORIGINAL_ARCHIVE_INVENTORY.csv,flattened_from_previous_compile,1268,cdbbcf0c663534f692eb24af46bb36f2358d112ca685585f62c8ddf961ce0ea4
Tests/ORIGINAL_INPUT_FILES.csv,Tests/Static Audits and Smoke Results/WorldLedger_CORE_FIRST_CURRENT_PLANNING_RESOURCE/99_MANIFESTS_AND_PACKAGE_AUDIT/previous_package_manifests/ORIGINAL_INPUT_FILES.csv,flattened_from_previous_compile,4521,37b59731f42acd8946471dd61c1aab0bdbea6ce45aeece1241b1d79261ccb279
Tests/VERIFY_SUMMARY.txt,Tests/Static Audits and Smoke Results/WorldLedger_CORE_FIRST_CURRENT_PLANNING_RESOURCE/99_MANIFESTS_AND_PACKAGE_AUDIT/previous_package_manifests/VERIFY_SUMMARY.txt,flattened_from_previous_compile,549,8b93861a35bf9f93b483c727219ce646080fc82472fa63d9d3b7a5600a1cb4fc
Tests/MANIFEST.txt,Tests/Static Audits and Smoke Results/WorldLedger_CORE_FIRST_CURRENT_PLANNING_RESOURCE/99_MANIFESTS_AND_PACKAGE_AUDIT/previous_package_manifests/WorldLedger_uploaded_files_package/MANIFEST.txt,flattened_from_previous_compile,3737,5567135d02acc6e2215a7b15df7771b09e7a1c3c0dcf207a69ad625c69f6cfaa
Tests/MANIFEST__18e4b30d.txt,Tests/Static Audits and Smoke Results/WorldLedger_CORE_FIRST_CURRENT_PLANNING_RESOURCE/99_MANIFESTS_AND_PACKAGE_AUDIT/previous_package_manifests/WorldLedgerV1_1_CORE_CARD_SYSTEM_CHUNK_01_OUTCOME_LOCK_PACKAGE/WorldLedgerV1_1_Chunk01_OutcomeLock/MANIFEST.txt,flattened_from_previous_compile,342,18e4b30d80700ca67faace1961eb151511ec0a785ab2a5af54aec11eb564e944
Tests/VERIFY_SUMMARY_CORE_FIRST.txt,Tests/Static Audits and Smoke Results/WorldLedger_CORE_FIRST_CURRENT_PLANNING_RESOURCE/99_MANIFESTS_AND_PACKAGE_AUDIT/VERIFY_SUMMARY_CORE_FIRST.txt,flattened_from_previous_compile,389,85ba3002a094ce07a0ff0acba9494d268d3fbdfd4c9ce881e22c2b8a2df75ea6
Tests/part-01.md,Tests/Story Corpora/1778183321557-ainurlindal-text/part-01.md,flattened_from_previous_compile,365444,8e714ce8d70aa1963c50c7181236adffa88275ee8155761ef6203cef5489c9c6
Tests/part-02.md,Tests/Story Corpora/1778183321557-ainurlindal-text/part-02.md,flattened_from_previous_compile,8295,e7a6650097289e12463ea0f1cc817fc382e1320ef8b91e7872997e0b0d6d2050
Tests/part-02__5c58f8ef.md,Tests/Story Corpora/1778465323276-ainurlindal-text/part-02.md,flattened_from_previous_compile,54299,5c58f8ef9cd50237b0b999f9c1eea8482cb281ba04b66b3a054276e002b63fc3
Tests/part-01__bb733bc2.md,Tests/Story Corpora/1778465352719-isekai-rpg-is-text/part-01.md,flattened_from_previous_compile,389117,bb733bc2e48ffc6cd05ec8bc21f1b9579eb2e2443f406159c72cf8f0298de1e0
Tests/part-02__2014423c.md,Tests/Story Corpora/1778465352719-isekai-rpg-is-text/part-02.md,flattened_from_previous_compile,3084,2014423c295d9d1fb731fb02a61cdb5e2d1978e1dc0e33d967acacd62219660a
Tests/1778465499151-you-are-a-summoner.md,Tests/Story Corpora/1778465499151-you-are-a-summoner.md,flattened_from_previous_compile,201811,6a28a8a1c7de004adf837556fae7fcef0faa21b7d1d9e71f6f993f060fb318cd
Tests/part-01__1267d76e.md,Tests/Story Corpora/1778465518987-personal-isekai-text/part-01.md,flattened_from_previous_compile,274421,1267d76e5de8339849553b65ab10a8aa8e5413a674bab438bdab82d6e8823ff3
Tests/part-02__bcc78afe.md,Tests/Story Corpora/1778465518987-personal-isekai-text/part-02.md,flattened_from_previous_compile,27603,bcc78afe38581a29e8e04374253544e87d8755ad42c60c1b60d755670ce15706
Tests/AIDRPG_Design_Bible_Chunk_15_Context_Injection_Story_Cards_CardSync_and_Memory_Safeguards.txt,Tests/Story Corpora/AIDRPG_Final_Build_Planning_Package_v1_4_12_WITH_PRODUCTION_CHUNKS_01_TO_15/40_Previous_Master_Package_v1_3_ROADMAP_GAP_ALIGNED_EXTRACTED/01_Repaired_Design_Bible_33_Chunks/AIDRPG_Design_Bible_Chunk_15_Context_Injection_Story_Cards_CardSync_and_Memory_Safeguards.txt,flattened_from_previous_compile,50056,6a08660879b25ce4ce6ed2846433371abcd7d0f010db6ab0f1af11270d8b27c0
Tests/AIDRPG_Design_Bible_Chunk_32_World_State_Time_Travel_Place_Memory_Context_Injection_Story.txt,Tests/Story Corpora/AIDRPG_Final_Build_Planning_Package_v1_4_12_WITH_PRODUCTION_CHUNKS_01_TO_15/40_Previous_Master_Package_v1_3_ROADMAP_GAP_ALIGNED_EXTRACTED/01_Repaired_Design_Bible_33_Chunks/AIDRPG_Design_Bible_Chunk_32_World_State_Time_Travel_Place_Memory_Context_Injection_Story.txt,flattened_from_previous_compile,54005,73f7391e051acb1db941887d7f54e646529947e5a337ca8e6e0e103848a1faab
Tests/04_AIDRPG_Gap_Chunk_C_Story_Card_API_Adapter_and_Protected_Singleton_Contract.txt,Tests/Story Corpora/AIDRPG_Final_Build_Planning_Package_v1_4_12_WITH_PRODUCTION_CHUNKS_01_TO_15/40_Previous_Master_Package_v1_3_ROADMAP_GAP_ALIGNED_EXTRACTED/03_Roadmap_and_Pre_Code_Gap_Closure/04_AIDRPG_Gap_Chunk_C_Story_Card_API_Adapter_and_Protected_Singleton_Contract.txt,flattened_from_previous_compile,32828,632f4710d6295b1554d2585fdcb5eab8db36929bca68f503f5d58d7e0e93c9f4
Tests/storycard_api.json,Tests/Story Corpora/AIDRPGbeta_v16_heavy_reports_2/beta-v16-reports/storycard_api.json,flattened_from_previous_compile,10446,d4b74fb12b8e3589e4fa6d9518c624efcaae4877454fc2b4a1d2e290db2bb908
Tests/storycard_api.log,Tests/Story Corpora/AIDRPGbeta_v16_heavy_reports_2/beta-v16-reports/storycard_api.log,flattened_from_previous_compile,164,9f346ae5bdb7440fc43cb4141ac87ef8b3fd62926c3eeb91bc416f7420881ff7
Tests/storycard_api.md,Tests/Story Corpora/AIDRPGbeta_v16_heavy_reports_2/beta-v16-reports/storycard_api.md,flattened_from_previous_compile,361,59fa1c2f0d79c3658ee47d27f581fc7740ac5c5dfc74bd008758ef32f1c9cc55
Tests/WorldLedger_10_0A_R1_Summoner_LocalHarness_Test_Report.md,Tests/Story Corpora/WorldLedger_10_0A_R1_Summoner_LocalHarness_Test_Report.md,flattened_from_previous_compile,1633,c1d8c100a459190986eecb181f67d59a20f6938c99d1bd7d0dcce454d5871940
Tests/wl100a_r3d_targeted_probes.json,Tests/Targeted Probes/wl100a_r3d_targeted_probes.json,flattened_from_previous_compile,3564,32fc698b19c952026b3927eb7de619bfabebc021c93266fc4d8f6c779e98eaf1
